Station Code,Station Name,STATE,Temperature Min,Temperature Max,pH Min,pH Max,Conductivity (µmhos/cm) Min,Conductivity (µmhos/cm) Max,Year
3093,"BORE WELL AT ALLADAPALEM
VILLAGE, PYDIBHIMAVARAM",ANDHRA PRADESH,29,30,7.3,7.4,840,1481,2021
3092,"BORE WELL AT ARINAMA
AKKIVALASA, SRIKAKULAM",ANDHRA PRADESH,28,31,7.4,8.1,712,1139,2021
4360,"BORE WELL AT IDA,
RAMANAYYAPETA, KKAINADA",ANDHRA PRADESH,27,29,7.7,7.8,990,1280,2021
3091,"BORE WELL AT KAPULUPPADA
DUMPSITE, VISHAKHAPATNAM",ANDHRA PRADESH,26,26,7,7.1,3340,4260,2021
4353,"BORE WELL AT MANGARAJU
HOUSE, GAJAPATHINAGARAM
VILLAGE, PAYAKARAOPETA (M)",ANDHRA PRADESH,25,27,7.9,8.1,2660,3940,2021
3087,"BORE WELL NEAR VILLAGE
SECRETARIAT, PATHAPADU (V)",ANDHRA PRADESH,24,27,7.5,7.8,2031,2050,2021
4355,"BORE WELL, CHIPPADA VILLAGE,
BHEEMUNIPATNAM (M)",ANDHRA PRADESH,25,27,7.9,8,660,1482,2021
4354,"BORE WELL, SRI NOOKATATA
TEMPLE RAJAYYAPETA VILLAGE,
NAKKAPALLI (M)",ANDHRA PRADESH,25,27,7.4,7.6,11120,11420,2021
4394,"BOREWELL AT APLLC OFFICE
INDUSTRIAL ESTATE GROWTH
CENTRE, THUMAKUNTA,
HINDUPUR (M)",ANDHRA PRADESH,26,28,6.9,7.1,1584,3239,2021
4395,"BOREWELL AT APLLC OFFICE
INDUSTRIAL ESTATE,
ANANTAPURAM (M)",ANDHRA PRADESH,26,28,7,7.1,3558,3780,2021
4377,"BOREWELL AT IMITATION
JEWELLARY PARK,
MACHILIPTNAM",ANDHRA PRADESH,27,27,8.1,8.1,1896,1920,2021
1519,BOREWELL AT NAGIRI,ANDHRA PRADESH,28,29,7.1,7.3,1872,2741,2021
1518,"BOREWELL AT NANDYAL
(KUNDU)",ANDHRA PRADESH,23,27,7.2,7.3,6619,7770,2021
4364,"BOREWELL AT RAJIV GRUHA
KA;PA, NEAR AP PAPER MAILLS
WORKERS COLONY,",ANDHRA PRADESH,28,28,7.6,7.6,1048,1048,2021
,"MALLAYAPETA, KATHERU,
RAJAMAHENDRAVARAM",,,,,,,,2021
4350,"BOREWELL AT ZP HIGH SCHOOL,
UDDANAM REGION,
AMALAPADU (V)
VAJRAPUKOTTURU",ANDHRA PRADESH,24,24,7.1,7.1,1140,1140,2021
4384,"BOREWELL IN FRONT OF M/S
BHAGEERADHA CHEMICALS &
INDUSTRIES LTD,
CHERUVUKOMMUPALEM (V)
ONGOLE (M)",ANDHRA PRADESH,22,23,7.2,7.3,9090,10500,2021
1513,"BOREWELL KRISHNA MURTHY,
D.NO. 48-16-43 AUTONAGAR
VIJJAYAWADA",ANDHRA PRADESH,25,25,7.1,7.8,1877,1970,2021
1523,"BOREWELL NEAR M/S ANDHRA
SUGARS LTD. , KOVVUR",ANDHRA PRADESH,24,26,7,7.6,310,1447,2021
4392,"BOREWELL NEAR SRI
GOVINDARAJA SWAMY TEMPLE,
TIRUPATI TOWN",ANDHRA PRADESH,27,27,6.9,7.5,1380,1414,2021
1520,"BOREWELL NEAR
SWARNAMUKHI RIVER AT
SRIKALAHASTI",ANDHRA PRADESH,28,29,7.3,7.3,1027,1266,2021
1517,"BOREWELL NEAR TUNGBHADRA
RIVER KURNOOL",ANDHRA PRADESH,23,26,7.8,7.9,4520,5663,2021
1516,"BOREWELL OF NAVLOK
GARDENS, NELLORE",ANDHRA PRADESH,20,21,8.1,8.1,1080,1100,2021
1514,"BOREWELL VIJAY KUMAR
AUTONAGAR VIJAYAWADA",ANDHRA PRADESH,25,25,7.2,7.9,1780,2080,2021
4376,"BOREWELL WATER , APIIC
OFFICE, IDA KONDAPALLI,
IBRAHIMPATNAM (M)",ANDHRA PRADESH,26,26,7.1,7.6,3850,3860,2021
4380,"BOREWELL WATER , SRI
VENKATESWARA SWAMY
TEMPLE, VENKATAPALEM (V),
TULLUR (M)",ANDHRA PRADESH,22,22,7.1,7.5,860,899,2021
4382,"BOREWELL WATER POLICE
STATION, AUTONAGAR,
PEDAKAKANI, GUNTUR",ANDHRA PRADESH,21,22,7.1,8.1,4450,4580,2021
4393,"CLOSED MSW DUMPSITE,
UKKAYAPALLI (V), KADAPA (M)",ANDHRA PRADESH,24,25,7.3,7.4,2810,3352,2021
3090,"HAND PUMP AT
PITTAVANIPALEM,
VISHAKHAPATNAM",ANDHRA PRADESH,27,27,6.7,7.6,1610,1983,2021
3089,"HAND PUMP AT TANAM VILL.,
VISHAKHAPATNAM",ANDHRA PRADESH,27,28,7.2,7.9,2180,2180,2021
1524,"OPEN WELL NEAR PARTAP
NAGAR BRIDGE -KAKINADA",ANDHRA PRADESH,27,30,7.3,7.7,1147,1295,2021
1521,"OPEN WELL NEAR RAMA
TEMPLE , WARD NO.2 , MINDI ,
VISAKHAPATNAM",ANDHRA PRADESH,26,27,6.8,7.5,1977,2580,2021
1522,OPEN WELL PEDDANUVVI -VIZIANAGARAM,ANDHRA PRADESH,27,28,7.4,7.9,1120,1190,2021
26,"WELL AT GRAM PANCHAYAT
OFFICE, KAANURU, VIJAYWADA",ANDHRA PRADESH,25,25,7,8.1,1597,2160,2021
1537,"GROUND WATER AT (JORHAT,
ASSAM)",ASSAM,25,26,7,7.2,276,278,2021
1539,"GROUND WATER AT BARPETA,
ASSAM",ASSAM,30,31,7.4,7.5,304,329,2021
1540,"GROUND WATER AT
BONAIGAON, ASSAM",ASSAM,27,29,7.2,7.6,366,390,2021
1533,"GROUND WATER AT DIGBOI,
TINSUKIA DISTT., ASSAM",ASSAM,24,26,6.8,7.1,328,332,2021
1534,"GROUND WATER AT KARBI
ANGLONG DISTT., ASSAM",ASSAM,25,25,7.2,7.2,308,308,2021
1541,"GROUND WATER AT NOONMATI
GUWAHATI, ASSAM",ASSAM,27,29,7.3,7.6,401,408,2021
1535,"GROUND WATER AT SIBSAGAR
GOVT ME SCHOOL WARD 6, RED
CROSS ROAD , ASSAM",ASSAM,25,26,6.8,7.3,284,288,2021
1542,"GROUND WATER AT SIJUBARI
MAZAR, NATBOMA HATIGAON",ASSAM,27,28,7.8,7.8,352,354,2021
1538,"GROUND WATER AT SILCHAR,
ASSAM",ASSAM,23,23,6.8,7.4,196,291,2021
4328,"GROUND WATER BESIDE MSW
DUMPING SITE, DHEKIAJULI",ASSAM,26,26,7.7,7.7,315,315,2021
4338,"GROUND WATER FORM TENGA
PUKHURI KUKURACHOWA
WATER SUPPLY TENGA PUKHURI",ASSAM,23,28,6.7,7.8,262,266,2021
4335,"GROUND WATER FROM
AMGURI, AMGURI TOWN",ASSAM,23,25,6.8,8,248,259,2021
2254,"GROUND WATER FROM
BARPETA ROAD(RLY STATION),
ASSAM",ASSAM,25,32,7.6,7.6,311,322,2021
3816,"GROUND WATER FROM
BASISTHA, GUWAHATI",ASSAM,26,28,7.4,7.7,295,351,2021
3761,"GROUND WATER FROM
BISWANATH CHARIALI TOWN",ASSAM,26,30,7.6,7.8,258,262,2021
3813,"GROUND WATER FROM BONDA,
GUWAHATI",ASSAM,25,29,7.6,8,365,370,2021
4333,"GROUND WATER FROM DEMOW
WATER SUPPLY DEMOW TOWN",ASSAM,22,26,7.3,7.4,235,280,2021
2257,"GROUND WATER FROM DHUBRI
DISTRICT (COLLEGE NAGAR ),
ASSAM",ASSAM,34,37,7.3,7.4,308,356,2021
2259,"GROUND WATER FROM DIPHU
(GOVT. COLLEGE), ASSAM",ASSAM,26,26,7,7,312,312,2021
3779,"GROUND WATER FROM
GARMUR, MAJULI",ASSAM,21,25,7.2,7.7,261,390,2021
4008,GROUND WATER FROM GELEKY,ASSAM,23,25,7,7.2,216,287,2021
2258,"GROUND WATER FROM
GOALPARA DIST. (GOALPARA
COLLEGE ), ASSAM",ASSAM,24,30,7.3,7.5,320,362,2021
2263,"GROUND WATER FROM
HIALAKANDI (NEAR ASTC BUS
STAND ), ASSAM",ASSAM,25,25,7.3,7.4,264,268,2021
2251,"GROUND WATER FROM
JAGIROAD NEAR HPC EFFLUENT
DISCHARGE POINT, ASSAM",ASSAM,26,29,7.2,7.3,318,323,2021
3817,"GROUND WATER FROM
KAHILIPARA, GUWAHATI",ASSAM,22,24,7,7.2,182,318,2021
2262,"GROUND WATER FROM
KARIMGANJ (COLLEGE), ASSAM",ASSAM,22,24,7.3,7.3,256,298,2021
3815,"GROUND WATER FROM
KHANAPARA, GUWAHATI",ASSAM,28,28,7.3,7.3,289,340,2021
2256,"GROUND WATER FROM
KOKRAJHAR DISTRICT (HS
SCHOOL ), ASSAM",ASSAM,29,32,7.4,7.8,361,362,2021
2248,"GROUND WATER FROM
LAKHIMPUR TOWN, ASSAM",ASSAM,28,32,7.5,8,241,258,2021
4007,"GROUND WATER FROM
LAKWAH",ASSAM,22,25,6.8,7.5,208,242,2021
2243,"GROUND WATER FROM LEDO,
MARGHERITA, ASSAM",ASSAM,24,24,7,7.2,321,329,2021
3818,"GROUND WATER FROM
MALIGAON, GUWAHATI",ASSAM,24,26,7,7.6,190,223,2021
3766,"GROUND WATER FROM
MANGALDOI TOWN",ASSAM,26,26,7.5,7.5,307,307,2021
3802,"GROUND WATER FROM
MEHEPUR NEAR A CLUSTER OF
NURSING HOME & DIAGNOSTIC
CENTRE, MEHERPUR, CACHAR",ASSAM,24,25,7.2,7.3,148,326,2021
3801,"GROUND WATER FROM
MEHEPUR TRENCHING GROUND,
MEHERPUR, CACHAR",ASSAM,24,25,6.9,7.2,326,336,2021
2250,"GROUND WATER FROM
NAGAON (PANIGAON), ASSAM",ASSAM,26,28,7.6,7.7,326,332,2021
4340,"GROUND WATER FROM
NAGAON COLLEGE, NAGAON",ASSAM,26,30,7.2,7.3,246,380,2021
2253,"GROUND WATER FROM
NALBARI, ASSAM",ASSAM,19,20,7.4,7.9,241,312,2021
2244,"GROUND WATER FROM NAZIRA,
ASSAM",ASSAM,26,27,6.8,7,290,312,2021
2245,"GROUND WATER FROM
NUMALIGARH (NEAR NRL TE
LABOR COLONY), ASSAM",ASSAM,28,29,7.2,7.2,360,363,2021
4001,"GROUND WATER FROM
PANJABARI",ASSAM,28,28,7,7.2,286,342,2021
4327,"GROUND WATER FROM
RAILWAY STATION ROAD,
ROWTA",ASSAM,26,26,7.2,7.2,328,328,2021
4002,"GROUND WATER FROM
SANTIPUR",ASSAM,24,25,7.4,7.4,194,330,2021
4303,"GROUND WATER FROM
SATGAON",ASSAM,26,29,7.2,7.6,290,350,2021
2246,"GROUND WATER FROM
SEMENCHAPARI, ASSAM",ASSAM,22,22,7.1,7.1,247,247,2021
2247,"GROUND WATER FROM
SILAPATHAR, ASSAM",ASSAM,22,22,7.3,7.3,260,260,2021
2249,"GROUND WATER FROM TEZPUR
(MISSION CHARIALI), ASSAM",ASSAM,24,24,7.4,7.4,195,195,2021
4003,"GROUND WATER FROM TEZPUR
COLLEGIATE HIGH SCHOOL",ASSAM,25,26,7,7.4,170,288,2021
3771,"GROUND WATER FROM TITABAR
URBAN WATER SUPPLY, TITABAR",ASSAM,24,30,7.9,7.9,402,422,2021
2264,"GROUND WATER IN
PANCHGRAM MARKET NEAR
CACHAR PAPER MILL, ASSAM",ASSAM,23,24,6.8,7.7,180,360,2021
3805,"GROUND WATER NEAR
BADARPUR INDUSTRIAL AREA
AT BADARPUR GHAT,
KARIMGANJ",ASSAM,23,25,7,7.3,240,286,2021
1536,"GROUND WATER NEAR BPMS
H.S. SCHOOL SONARI TOWN
DIST CHARAIDEO",ASSAM,27,36,7.4,7.6,302,308,2021
2255,"GROUND WATER NEAR BPRL,
DHALIGAON, ASSAM",ASSAM,28,31,7.4,7.4,338,342,2021
3770,"GROUND WATER NEAR
GARMUR RECREATION GROUND,
JORHAT",ASSAM,25,27,6.8,6.9,233,238,2021
3790,"GROUND WATER NEAR
GOGAMUKH PUBLIC WATER
SUPPLY SCHEME, GOGAMUKH,
DHEMAJI",ASSAM,22,22,7.2,7.2,205,205,2021
2252,"GROUND WATER NEAR MSW
DUMPING SITE AT GARCHUK-GUWAHATI, ASSAM",ASSAM,27,29,7.9,8,390,392,2021
3762,"GROUND WATER NEAR
MUNICIPAL WASTE PROCESSING
FACILITY, MORABHARLI, TEZPUR",ASSAM,25,26,7.2,7.2,270,303,2021
4339,"GROUND WATER NEAR NAGAON
TOWN PIPE WATER SUPPLY
SCHEME(Z-111), NAGAON",ASSAM,26,26,7.4,7.4,265,265,2021
4330,"GROUND WATER NEAR
PANGRAM STONE CRASHER
CLUSTER",ASSAM,20,20,7.5,7.5,91,91,2021
3794,"TUBE WELL AT R/O SRI ANIL
BAORA AT BOSAGAON NEAR BY
THE ATHKHALIA, NAMGHAR, PO:
PULIKAITONI",ASSAM,26,26,7.4,7.6,363,371,2021
3793,"TUBE WELL AT R/O SRI
TANKESWAR DAS, RUPJYOTI
COLONY (NAGABALI)
MUNICIPALITY DUMPING SITE,
GOLAGHAT",ASSAM,27,28,6.8,7,348,355,2021
3795,"TUBE WELL OF WOKHA
GORONGA GIRLS ME SCHOOL,
GOROUNGA TINIALI, FURKATING",ASSAM,26,27,7.3,7.3,388,394,2021
1830,"BORE WELL WATER (PHED PUMP
HOUSE) SADAR HOSPITAL
CAMPUS, MUZAFFARPUR",BIHAR,24,24,7.3,7.3,927,927,2021
1826,"BORE WELL WATER AT BHUT
NATH ROAD WATER TANK SEC-3,
KANKARBAGH,PATNA",BIHAR,25,26,7.4,7.7,430,491,2021
1825,"BORE WELL WATER AT KATRA
BAZAR WATER TANK,
MALSALAMI, PATNA",BIHAR,21,28,7.3,7.5,435,453,2021
1829,"BORE WELL WATER FROM IGIMS
CAMPUS, PATNA",BIHAR,25,28,7.4,7.6,410,509,2021
1828,"BORE WELL WATER IN CAMPUS
OF PATNA WATER BOARD HEAD
OFFICE, NEAR HIGH COURT,
PATNA",BIHAR,26,30,7.4,7.5,448,528,2021
1831,"BORE WELL WATER MMC PUMP
HOUSE BRAHMPURA NAKA,
MUZAFFARPUR",BIHAR,24,24,7.5,7.5,641,641,2021
1844,"BORE WELL WATER NEAR
COMMISSIONARY OFFICE,
CHAPRA",BIHAR,26,26,7,7,1160,1160,2021
3139,GROUND WATER FROM ARARIA,BIHAR,28,28,7.6,7.6,296,296,2021
3138,GROUND WATER FROM ARRAH,BIHAR,23,26,7,7.7,731,765,2021
3143,"GROUND WATER FROM
BAGAHA",BIHAR,25,25,7.6,7.6,345,345,2021
3144,GROUND WATER FROM BARH,BIHAR,20,22,7.4,7.5,727,934,2021
1837,"GROUND WATER FROM
BEGUSARAI",BIHAR,21,21,7.7,7.7,828,828,2021
3140,GROUND WATER FROM BETTIAH,BIHAR,25,25,7.2,7.2,968,968,2021
3142,"GROUND WATER FROM
BIKRAMGANJ",BIHAR,22,22,7.9,7.9,383,383,2021
3141,"GROUND WATER FROM
BODHGAYA",BIHAR,20,20,7.7,7.7,785,785,2021
3145,"GROUND WATER FROM DEHRI
ON SONE",BIHAR,20,20,7.4,7.4,238,238,2021
3146,"GROUND WATER FROM
DUMRAON",BIHAR,25,27,7.8,8,407,464,2021
3148,"GROUND WATER FROM
JAMALPUR",BIHAR,20,20,7,7,877,877,2021
3147,"GROUND WATER FROM
JAYNAGAR",BIHAR,20,24,7.2,7.4,383,402,2021
3161,"GROUND WATER FROM
KATIHAR",BIHAR,25,26,7.6,8.1,810,1120,2021
3149,GROUND WATER FROM KUDRA,BIHAR,22,22,7.9,7.9,571,571,2021
3150,GROUND WATER FROM MANER,BIHAR,24,24,7.2,7.2,773,775,2021
3151,"GROUND WATER FROM
MOHANIA",BIHAR,23,23,7.8,7.8,1040,1040,2021
3152,"GROUND WATER FROM
NARKATIAGANJ",BIHAR,24,24,7.9,7.9,232,232,2021
2593,"GROUND WATER FROM
NAWADA",BIHAR,21,21,7.2,7.2,1280,1280,2021
3153,GROUND WATER FROM PIRO,BIHAR,22,22,7.5,7.5,1110,1110,2021
3154,"GROUND WATER FROM
RAMKUND GAYA",BIHAR,24,24,7.4,7.4,935,935,2021
3160,GROUND WATER FROM RAXAUL,BIHAR,25,25,7.9,7.9,269,269,2021
2594,"GROUND WATER FROM
SAHARSA",BIHAR,25,26,7.2,8.6,843,958,2021
2595,"GROUND WATER FROM
SAMASTIPUR",BIHAR,22,22,7.2,8.3,728,927,2021
3156,"GROUND WATER FROM
SAMASTIPUR",BIHAR,22,22,6.7,7,1090,1670,2021
3159,"GROUND WATER FROM
SHAHPUR",BIHAR,25,27,6.8,7.2,568,858,2021
3158,"GROUND WATER FROM
SHERGHATI",BIHAR,20,20,7.6,7.6,299,299,2021
2596,"GROUND WATER FROM
SITAMARHI",BIHAR,24,25,7.7,7.9,264,321,2021
2597,GROUND WATER FROM SIWAN,BIHAR,24,24,7.3,7.3,448,448,2021
3157,"GROUND WATER FROM
SULTANGANJ",BIHAR,21,23,6.9,6.9,1120,1370,2021
3155,GROUND WATER FROM SUPUAL,BIHAR,25,27,7.5,8,643,839,2021
1827,"GROUND WATER FROM TAP
WATER COMING FROM OVER
HEAD TANK PMCH CAMPUS,
PATNA",BIHAR,26,27,7.5,7.7,439,472,2021
1838,"GROUND WATER FROM TAP
WATER NEAR VEER KUWAR
SINGH CHOWK, MUNGER",BIHAR,20,20,7.1,7.1,1030,1030,2021
2600,"GROUND WATER FROM
VAISHALI",BIHAR,22,23,7,7.1,997,1630,2021
3162,"GROUND WATER FROM
VAISHALI",BIHAR,23,23,7.1,7.1,583,583,2021
1832,"GROUND WATER NEAR TAP
WATER IN CAMPUS OF KALI
ASTHAN, BEGUSARAI",BIHAR,26,26,7.2,7.6,698,1130,2021
1833,"GROUND WATER NEAR TAP
WATER IN CAMPUS OF S.P
OFFICE, POKHARIA, BEGUSARAI",BIHAR,26,27,6.8,7.3,261,882,2021
2583,"HAND PUMP WATER AT BUS
STAND, GOPALGANJ",BIHAR,28,28,7.1,7.1,1620,1620,2021
2586,"HAND PUMP WATER AT BUS
STAND, KATIHAR",BIHAR,25,26,7.4,8,286,609,2021
2590,"HAND PUMP WATER AT
COLLECTRIATE OFFICE,
MADHUBANI",BIHAR,21,21,7.1,7.2,471,532,2021
2577,"HAND PUMP WATER AT COURT
CAMPOUND, ARARIA",BIHAR,28,29,7.4,7.4,227,795,2021
2588,"HAND PUMP WATER AT D.M
OFFICE, KISHANGANJ",BIHAR,25,25,7.6,7.7,784,810,2021
2582,"HAND PUMP WATER AT
DARBHANGA BUS STAND,
DARBHANGA",BIHAR,20,20,8.1,8.1,352,352,2021
2581,"HAND PUMP WATER AT KILA
GATE NEAR RAMBAGH MITHILA
UNIVERSITY, DARBHANGA",BIHAR,21,25,7.4,7.9,273,445,2021
2578,"HAND PUMP WATER AT SARDAR
PATEL BUS STAND, BHOJPUR",BIHAR,23,26,6.9,7.3,1011,1300,2021
2584,"HAND PUMP WATER AT
THAWAY MANDIR CAMPUS,
GOPALGANJ",BIHAR,27,27,7.2,7.2,1170,1170,2021
2580,"HAND PUMP WATER FROM
NAGAR PARISHAD, BHABHUA",BIHAR,22,22,7.1,7.1,1330,1330,2021
2599,"GROUND WATER BUS STAND
SASARAM, ROHTAS",BIHAR,20,20,7.9,7.9,735,735,2021
2045,"GROUND WATER FROM DADU
MAJRA, CHANDIGARH",CHANDIGARH,24.9,26.4,7.1,7.2,714,804,2021
2044,"GROUND WATER FROM DHANAS
VILLAGE, CHANDIGARH",CHANDIGARH,25,26.3,7,7.3,566,1042,2021
2043,"GROUND WATER FROM
PALSORA VILLAGE,
CHANDIGARH",CHANDIGARH,25,26.4,7.2,7.4,896,909,2021
2039,"GROUND WATER FROM SECTOR
15, CHANDIGARH",CHANDIGARH,25,26.3,7.2,7.3,505,550,2021
2040,"GROUND WATER FROM SECTOR
22, CHANDIGARH",CHANDIGARH,24.9,26.2,7,7.1,694,731,2021
2041,"GROUND WATER FROM SECTOR
34, CHANDIGARH",CHANDIGARH,24.7,26.1,7,7,835,857,2021
2042,"GROUND WATER FROM SECTOR
47, CHANDIGARH",CHANDIGARH,25,26.6,7,7.3,606,637,2021
3174,"BOREWELL/ HANDPUMP IN
DHANRAS, NTPC, KORBA,
CHHATISGARH.",CHHATTISGARH,26.2,26.2,7.1,7.3,1502,3102,2021
3173,"BOREWELL/ HANDPUMP IN
PARSABHATA, BALCO, KORBA,
CHHATISGARH.",CHHATTISGARH,26,26.1,7.1,7.2,4682,46272,2021
3172,"BOREWELL/ HANDPUMP IN
ROGBAHRI VILLAGE, KORBA,
CHHATISGARH.",CHHATTISGARH,26.2,26.2,6.6,7.2,3735,6061,2021
1623,"GROUND WATER AT BILASPUR
REGION, CHHATISGARH.",CHHATTISGARH,27.4,27.4,7.5,7.5,378,378,2021
1622,"GROUND WATER AT GOVIND
NAGAR BILASPUR REGION,
CHHATISGARH.",CHHATTISGARH,27.3,27.3,7.4,7.4,348,348,2021
1620,"GROUND WATER AT JANTA
COLONY, STATION ROAD,
RAIPUR REGION, CHHATISGARH.",CHHATTISGARH,28,28,7.3,7.5,254,258,2021
1621,"GROUND WATER AT RAIPUR
REGION, CHHATISGARH.",CHHATTISGARH,22,28,7.3,7.4,255,262,2021
1839,"HAND PUMP WATER IN CAMPUS
OF KASTURBA WATER WORKS,
MUNGER",BIHAR,21,27,7.4,7.9,247,399,2021
1836,"HAND PUMP WATER NEAR BUS
STAND TILKS MANJHI CHOWK,
BEGUSARAI",BIHAR,21,21,7.2,7.2,257,257,2021
1835,"HAND PUMP WATER NEAR
COURT LOWER COURT, PURNEA",BIHAR,26,27,7.1,7.5,470,788,2021
2589,"HAND PUMP WATER NEAR D.M
OFFICE, MADHEPURA",BIHAR,25,27,7.3,8.6,535,748,2021
1834,"HAND PUMP WATER NEAR
GOVT. HOSPITAL, PURNEA",BIHAR,26,28,7.4,7.7,425,912,2021
2587,"HAND PUMP WATER NEAR
SADAR HOSPITAL, KHAGARIA",BIHAR,26,28,7.2,7.9,767,800,2021
1843,"PHED WATER SUPPLY NEAR BUS
STAND, RAJGIR",BIHAR,25,25,7.3,7.3,486,486,2021
2591,"TAP WATER INSIDE THE CAMPUS
OF TOURIST CAFETERIA,
NALANDA",BIHAR,21,21,7.1,7.1,1440,1440,2021
2585,"TAP WATER NEAR PANI TANKI
AT JAHANABAD COURT,
JAHANABAD",BIHAR,25,25,7.8,7.8,944,944,2021
1840,"TAP WATER PHED PUMP HOUSE
MAIN ROAD, MOTIHARI",BIHAR,24,24,8.2,8.2,312,312,2021
1842,"TAP WATER SAMPLE AT
RAMKUND, GAYA",BIHAR,21,21,8.7,8.7,480,480,2021
1841,"TAP WELL WATER FROM T.
MODAL INTER SCHOOL, G.B
ROAD, GAYA",BIHAR,24,24,7,7,1120,1120,2021
2579,"TUBE WELL WATER AT
COLLECTRIATE CAMPUS, BUXAR",BIHAR,20,24,6.7,7.2,729,907,2021
2592,"HAND WATER AT CIVIL COURT
BIHAR SHARIF, NALANDA",BIHAR,24,24,7.8,7.8,2080,2080,2021
2598,"BOREWELL WATER NEAR
DHARMSHALA SASARAM,
ROHTAS",BIHAR,21,21,7.9,7.9,241,241,2021
3171,"HAND PUMP WATER 17/10
NEPALI MOHLLA, SHANKAR
NAGAR, HEAVY INDUSTRIAL
AREA, BHILAI, CHHATISGARH.",CHHATTISGARH,22,28,7.2,7.5,,,2021
2448,"GROUND WATER FROM VILLAGE
BHIMPORE, DAMAN",DAMAN & DIU,27.2,29.2,7.1,7.2,437,443,2021
1440,"WELL AT SOMNATH INDUSTRIAL
ESTATE, DAMAN",DAMAN & DIU,28.1,28.3,6.7,7.1,814,835,2021
2454,"WELL AT VILLAGE ATHAL, DADRA",DADRA & NAGAR HAVELI,28.2,28.6,7.1,7.3,563,603,2021
2451,"WELL AT VILLAGE DABHEL,
DAMAN",DAMAN & DIU,28.4,29.1,7,7.1,1120,1324,2021
2450,"WELL AT VILLAGE DUNETHA,
DAMAN",DAMAN & DIU,27.5,28.3,7.2,7.3,683,809,2021
2457,"WELL AT VILLAGE GALONDA,
DADRA",DADRA & NAGAR HAVELI,27.2,27.3,7.1,7.3,391,409,2021
2452,"WELL AT VILLAGE KACHIGAM,
DAMAN",DAMAN & DIU,28.6,29.3,7.1,7.4,435,457,2021
2453,"WELL AT VILLAGE KHANVEL,
DADRA",DADRA & NAGAR HAVELI,29.1,29.4,6.8,6.9,483,495,2021
2456,"WELL AT VILLAGE PIPERIA,
DADRA",DADRA & NAGAR HAVELI,27.5,27.7,7.1,7.2,2832,2880,2021
2449,"WELL AT VILLAGE
RINGANWADA, DAMAN",DAMAN & DIU,28.4,28.8,7.5,7.7,1990,2195,2021
2458,"WELL AT VILLAGE, DADRA",DADRA & NAGAR HAVELI,27,27.6,7.2,7.3,2897,3320,2021
3194,"BORE WELL AT BETHORA
INDUSTRIAL ESTATE",GOA,29,29,7.1,7.1,118,118,2021
3195,"BORE WELL AT MADKAIM
INDUSTRIAL ESTATE",GOA,28,28,7.9,7.9,101,101,2021
2281,WELL AT CORLIM INDL. ESTATE,GOA,29,29,5,5,91,91,2021
2280,"WELL AT KUDAI INDL.
ESTATE(M/S CADILA
HEALTHCARE LIMITED)",GOA,28,28,5.6,5.6,122,122,2021
2282,"WELL AT PILERNE INDUSTRIAL
ESTATE(M/S UNICHEM )",GOA,28,28,6.9,6.9,314,314,2021
2278,"WELL AT SANCOALE
INDL.ESTATE",GOA,29,29,7.1,7.1,258,258,2021
2277,"WELL AT VERNA
INDI.ESTATE.(M/S CIPLA
LIMITED)",GOA,30,30,6.3,6.3,378,378,2021
1967,"ATUL, VILLAGE G.W, (VALSAD)",GUJARAT,27,27,7.7,7.7,2032,3326,2021
2089,"B/W NEAR INDL. AREA
BORASARA & NAVAPURA, DIST.
SURAT.",GUJARAT,30,31,7.9,8.4,3077,3348,2021
4414,"B/W OF DISASTER PREVENTION
AND MANAGEMANT
CENTER(DPMC) GIDE, ANKLE
SHWAR FOR (MINARS)",GUJARAT,27,29,7.8,8.3,1049,1332,2021
4413,"B/W OF JASHWANTBHAI
PARMAR, S. NO. 18 AT: VILLAGE
KALAMSAR, TA KHAMBHAT",GUJARAT,29,30,8.1,8.7,1172,1265,2021
2095,"BORE WELL AT STP MADHAPAR,
DIST. RAJKOT.",GUJARAT,28,28,7.2,7.2,1206,1206,2021
4416,BORE WELL AT VORAGAMDI,GUJARAT,30,33,7,8.6,2525,3101,2021
2083,BORE WELL OF CHHATRAL GIDC.,GUJARAT,29,29,8.2,8.2,2324,2324,2021
4422,"BORE WELL OF ITI COLLAGE OPP,
M/S PALIWAL MILK AT MOTA
SONELA, MODASA ROAD, TAL,
LUNAVADA, DIST. MAHISAGAR",GUJARAT,27,29,7.6,8.3,894,940,2021
2091,"BORE WELL OF NAVSARI GIDC
INDUSTRIES ASSOCIATION
OFFICE.",GUJARAT,31,33,8,8.3,2337,2399,2021
2084,"BORE WELL OF PALSANA
VILLAGE.",GUJARAT,30,30,8.4,8.5,1256,1405,2021
2098,"BORE WELL OF PIRANA
TERMINAL PUMPING STATION,
PIRANA, NR. V. N. BRIDGE,
AHMEDABAD.",GUJARAT,27,28,7.1,7.9,2780,3180,2021
2088,BORE WELL OF SACHIN GIDC.,GUJARAT,30,31,7.6,7.8,7767,8704,2021
2085,BORE WELL OF SANTEJ VILLAGE.,GUJARAT,29,29,7.1,7.1,2164,2164,2021
2097,"BORE WELL OF SOMESHWAR
RICE MILL, NR. BAVLA ECO
PROJECT, (CETP ), VILL. BAVLA,
DIST. AHMEDABAD.",GUJARAT,31,32,7.3,8.5,5155,5910,2021
2096,"BORE WELL, SNR. VINAYAK JAL
SUDDHIKARAN SAHAKARI
MANDALI LTD. (CETP ), VILL.
BAVLA, DIST. AHMEDABAD.",GUJARAT,32,32,7.2,8.2,5462,6041,2021
3245,"BOREWELL AT DHANGADHRA
NEAR DHANGADHRA
CHEMICALS",GUJARAT,27,33,7.3,7.4,384,2519,2021
3210,"BOREWELL AT PIRAMAL GLASS,
VILLAGE TARSADI AT KOSAMBA
INDUSTRIAL AREA, SURAT",GUJARAT,29,30,7.7,7.9,3771,3868,2021
3211,"BOREWELL AT PRIMARY HEALTH
CENTER, KADODARA, SURAT",GUJARAT,29,30,8,8.3,1886,2096,2021
1970,"BOREWELL D/S TSDF SITE, GIDC
INDUSTRIAL AREA, VAPI",GUJARAT,25,27,7.6,8,1056,3288,2021
3223,"BOREWELL KADI INDUSTRIAL
AREA",GUJARAT,28,30,7.8,8.1,1853,2330,2021
3212,"BOREWELL NEAR CENTER OF
EXCELLENCE BUILDING, GIDC,
VATVA, AHMEDABAD",GUJARAT,27,30,7.4,8.5,2265,2307,2021
3214,"BOREWELL NEAR GIDC ODHAV
INDUSTRIAL ASSOCIATION",GUJARAT,27,30,7.4,8.3,1998,2418,2021
,"BUILDING, GIDC, ODHAV,
AHMEDABAD",,,,,,,,2021
3215,"BOREWELL NEAR MUNICIPAL
SOLID WASTE SITE- GYASPUR,
NAROL, AHMEDABAD",GUJARAT,26,28,7.2,8.2,3401,3895,2021
3244,"BOREWELL NEAR TSDF OF
BHARUCH ENVIRO
INFRASTRUCTURE LIMITED,
ANKLESHWAR, BHARUCH",GUJARAT,28,29,7.2,7.3,3352,3384,2021
3216,"BOREWELL NEAR TSDF SITE OF
GREEN ENVIRONMNET SERVICES
CO. OP.LTD, VATVA,
AHMEDABAD",GUJARAT,27,30,7.4,8.2,2708,2855,2021
3217,"BOREWELL NEAR TSDF SITE OF
NARODA ENVIRO PROJECT.LTD,
ODHAVE, AHMEDABAD",GUJARAT,27,30,7.6,8.5,2350,2474,2021
3234,"BOREWELL NERA TSDF OF
NANDESARI ENVIRO CONTROL
LIMITED, NADESARI, VADODARA",GUJARAT,29,30,7.6,8.5,9271,11165,2021
3240,"BOREWELL OF AJI GIDC, RAJKOT",GUJARAT,27,27,7.4,7.4,1526,1526,2021
3209,"BOREWELL OF GAYATRI PRAGNA
SCHOOL, BHADARWAD ROAD,
BAZAR FALIA, SARIGAM, VALSAD",GUJARAT,28,29,7.5,7.7,817,994,2021
3235,"BOREWELL OF GIDC KALOL, B/H
GIDC OFFICE, GIDC, KALOL,
GANDHINAGAR",GUJARAT,29,29,7.7,7.7,2091,2091,2021
3238,BOREWELL OF GIDC KANSARI,GUJARAT,29,30,7.7,8.1,4990,5249,2021
3246,"BOREWELL OF GIDC OFFICE,
SHANKAR TEKRI,
UDHYOGNAGAR, JAMNANGAR",GUJARAT,25,27,7.3,7.6,3309,3415,2021
3232,"BOREWELL OF GIDC, ANTALIA
WATER SUPPLY, BILLIMORA,
GANDEVI",GUJARAT,31,33,7.8,8.4,1847,2398,2021
3207,"BOREWELL OF GIDC, JHAGADIA",GUJARAT,29,29,7.7,7.8,1731,2193,2021
3230,"BOREWELL OF GIDC, JUNAGADH",GUJARAT,29,30,7.2,7.8,2509,3840,2021
3222,"BOREWELL OF GIDC, PANOLI",GUJARAT,26,30,7.4,7.4,5212,5238,2021
3239,"BOREWELL OF GIDC, SOJITRA",GUJARAT,29,30,7.9,8.1,3115,3146,2021
3220,"BOREWELL OF GIDC-NADIAD AT
GIDC OFFICE, GIDC NADIAD,
KHEDA",GUJARAT,29,33,7.1,8,2172,3283,2021
3233,"BOREWELL OF KALIAWADI GRID
ROAD, NAVSARI",GUJARAT,31,31,8.2,8.2,2530,2530,2021
3237,"BOREWELL OF L & T LTD., PLOT
NO. 144/146, SARKHEJ-BAVLA
ROAD, SANAND, AHMEDABAD",GUJARAT,30,32,7.3,8.1,3460,4367,2021
3236,"BOREWELL OF M/S ALFA ECA (I)
LTD., UNIT-1, SR.NO. 249, UMA
IND. ESTATE, VASNA , IYAVA,
SANAND, AHMEDABAD",GUJARAT,28,29,7.6,7.9,1917,2028,2021
4411,"BOREWELL OF MR.
HITENDRABHAI LAKHMANBHAI
KER SHIV SAI PARK, NEW
SMASHAN ROAD,
GANDHINAGAR",GUJARAT,26,26,7.7,7.9,2817,3740,2021
4412,"BOREWELL OF SHRI
KANKESHWAR MAHADEV
MANDIR, OPP. MSW DUMPSITE,
VIBHAPAR",GUJARAT,25,26,6.7,7.4,4590,8115,2021
3247,"BOREWELL OF SHRI MAHAVIR
METAL CRAFT PVT. LTD., PLOT
NO. 3059, ROAD NO.6, NR.
MAHAVIR CIRCLE, PHASE-III,
GIDC, DARED, JAMNAGAR",GUJARAT,26,26,7.5,7.9,2410,2631,2021
3221,"BOREWELL OF TOWN RAJPIPLA,
DIST.NARMADA",GUJARAT,29,29,7.5,7.6,619,853,2021
3213,"BOREWELL, CETP-NARODA,
GIDC, NARODA-AHMEDABAD",GUJARAT,27,28,7.5,8.4,2480,2536,2021
3224,DEESA BOREWELL,GUJARAT,27,30,7.6,7.9,820,1128,2021
3229,"GIDC, DAHOD, DAHOD",GUJARAT,27,29,7.7,8.3,1716,1888,2021
3228,"GIDC, HALOL, PANCHMAHAL",GUJARAT,27,29,7.9,8.5,2399,3100,2021
1954,GROUND WATER AT BHUJ,GUJARAT,30,30,7.4,7.7,2940,3180,2021
1960,GROUND WATER AT DAHOD,GUJARAT,27,29,8.1,8.3,1195,1356,2021
1961,GROUND WATER AT GODHARA,GUJARAT,27,29,7.8,8.4,1170,1240,2021
1958,"GROUND WATER AT
HIMATNAGAR",GUJARAT,25,26,7.8,7.8,965,1114,2021
1953,GROUND WATER AT JAMNAGAR,GUJARAT,26,26,7.1,7.1,1452,1789,2021
1950,GROUND WATER AT JUNAGADH,GUJARAT,28,29,7.3,7.4,890,1153,2021
1956,GROUND WATER AT MEHASANA,GUJARAT,29,29,7.5,8.1,3267,3267,2021
1959,GROUND WATER AT NADIAD,GUJARAT,29,33,7.6,8.4,1407,1868,2021
1955,GROUND WATER AT PALANPUR,GUJARAT,30,32,7.2,7.6,1079,1559,2021
1951,GROUND WATER AT RAJKOT,GUJARAT,28,28,7.3,7.3,786,786,2021
1957,"GROUND WATER AT SIDDHPUR
(DIST.PATAN)",GUJARAT,27,28,7.8,7.9,1644,1743,2021
1952,"GROUND WATER AT
SURENDRANAGAR",GUJARAT,26,30,7.6,7.6,2640,3518,2021
3208,"JILLA PANCHAYAT SCHOOL,
NEAR GRAM PANCHAYAT KATA
FALIA, VILLAGE NAMDHA,
VALSAD",GUJARAT,25,27,7.4,7.5,562,676,2021
1965,"MORA-HAJIRA (INDUSTRIAL),
HAJIRA",GUJARAT,30,30,7.6,8.4,1168,1439,2021
1964,PANDESARA (INDSTRIAL) SURAT,GUJARAT,30,31,7.8,7.9,2201,3494,2021
3226,PATAN BOREWELL,GUJARAT,29,29,8,8,1832,1832,2021
1969,"SARIGAM VILLAGE (D/S OF
INDUSTRIALAREA), VAPI",GUJARAT,29,29,7.5,7.7,958,1025,2021
1962,VADODARA (INDUSTRIAL-NANDESARI),GUJARAT,28,30,7.2,8.3,5050,5248,2021
1968,"VAPI INDUSTRIAL AREA IN D/S,
VAPI",GUJARAT,27,27,7.9,8,622,882,2021
3227,VIJAPUR (RANASAN) BOREWELL,GUJARAT,30,30,7.1,8.2,1765,1775,2021
3225,VISNAGAR BOREWELL,GUJARAT,29,29,7.8,8.5,1245,1801,2021
3,WELL AT AHMEDABAD,GUJARAT,33,33,8.5,8.5,2704,2704,2021
2094,"WELL AT ANKLESHWAR
INDUSTRIAL AREA (BORE WELL
OF M/S INDUSTRIAL CARBON AT
ANKLESHWAR- RAJPIPLA ROAD.",GUJARAT,29,29,7.1,7.3,5864,7630,2021
6,WELL AT BARODA,GUJARAT,30,30,7.3,8.5,1298,1442,2021
2090,WELL AT OLPAD.,GUJARAT,28,30,7.4,7.8,13790,14110,2021
2093,"WELL OF BARDOLI AT REST
HOUSE.",GUJARAT,29,30,7.8,8.1,1294,2039,2021
3219,"WELL OF IDAR, NAGAR PALIKA,
SAKARIA, IDAR",GUJARAT,25,26,6.9,8.1,382,1515,2021
3218,"WELL OF MODASA, NAGAR
PALIKA, VARIGRUH, MODASA",GUJARAT,25,26,7.2,8,1003,1323,2021
4832,"BOREWELL IN THE PREMISES OF
CETP, MURTHAL, SONEPAT",HARYANA,5.2,5.2,7.4,7.4,810,4330,2021
4844,"BOREWELL NEAR POSCO
COMPANY, SECTOR - 14, PHASE -II, VILLAGE PATHUHERA, HSIIDC,
IMT, BAWAL",HARYANA,33.1,33.1,7.4,7.4,1590,1590,2021
4843,"GEPIL, VILLAGE PALI,
MOHABATABAD CRUSHER ZONE,
FARIDABAD",HARYANA,13,23,7.2,7.3,654,1140,2021
4434,"BOREWELL OF DIC UNA AT IA
JEETPUR BEHRI",HIMACHAL PRADESH,21.5,23,7.2,7.5,373,417,2021
1877,"GROUND WATER AT BADDI
INDUSTRIAL AREA",HIMACHAL PRADESH,23,28,7.9,8.1,491,632,2021
1559,"GROUND WATER AT
BAROTIWALA",HIMACHAL PRADESH,24,24,8.1,8.1,591,591,2021
1878,"GROUND WATER AT
BAROTIWALA INDUSTRIAL AREA",HIMACHAL PRADESH,23,25,7.5,8.1,529,599,2021
1561,GROUND WATER AT DAMTAL,HIMACHAL PRADESH,19,19,6.7,7.3,354,714,2021
1873,"GROUND WATER AT
DHARAMSHALA KANGRA D/S OF
MSW DUMPING SITE",HIMACHAL PRADESH,14,18,6.9,7.4,287,370,2021
1882,"GROUND WATER AT MEHATPUR
INDUSTRIAL AREA",HIMACHAL PRADESH,22,23.5,6.8,7.3,628,661,2021
1560,GROUND WATER AT NALAGARH,HIMACHAL PRADESH,23,23,8.2,8.2,981,981,2021
1879,"GROUND WATER AT NALAGARH
INDUSTRIAL AREA",HIMACHAL PRADESH,24,24,7.9,7.9,660,660,2021
1881,"GROUND WATER AT PAONTA
SAHIB INDUSTRIAL AREA",HIMACHAL PRADESH,22,24,7.7,7.9,252,593,2021
1876,"GROUND WATER AT
PARWANOO INDUSTRIAL AREA",HIMACHAL PRADESH,13,18,7.9,7.9,322,682,2021
1872,"GROUND WATER AT SHIMLA D/S
OF MSW DUMPING SITE",HIMACHAL PRADESH,9,14,7.4,7.8,5880,7259,2021
1874,"GROUND WATER AT SOLAN-D/S
OF MSW DUMPING SITE
SALOGRA",HIMACHAL PRADESH,19,19,8.1,8.4,348,783,2021
1883,"GROUND WATER AT UNA
INDUSTRIAL AREA",HIMACHAL PRADESH,23.5,27,7.5,7.6,543,642,2021
4483,"GROUND WATER SUPPLY
SCHEME (MC UNA)",HIMACHAL PRADESH,24,26,7.1,7.5,413,513,2021
2632,"HAND PUMP AT BILASPUR
TOWN",HIMACHAL PRADESH,18,20,7.3,7.6,563,806,2021
2641,HAND PUMP AT CHAMBA TOWN,HIMACHAL PRADESH,11,14,7.1,7.4,469,682,2021
2639,"HAND PUMP AT CHAMUNDA
DEVI TEMPLE/ TOWN",HIMACHAL PRADESH,18,18,6.9,8,148,223,2021
2638,"HAND PUMP AT CHINTPURNI
TEMPLE/ TOWN",HIMACHAL PRADESH,22,22,7.4,7.4,362,362,2021
2637,"HAND PUMP AT JWALAJI
TEMPLE",HIMACHAL PRADESH,19,19,6.8,7.2,559,614,2021
2648,HAND PUMP AT KEYLONG,HIMACHAL PRADESH,9,9,7.7,7.7,305,305,2021
2629,HAND PUMP AT MANDI TOWN,HIMACHAL PRADESH,20,24,7.4,8,344,504,2021
2628,HAND PUMP AT SHAMSHI,HIMACHAL PRADESH,21,21,7.3,7.3,342,342,2021
2647,HAND PUMP AT TAHLIWAL IA,HIMACHAL PRADESH,25,25,7.7,7.7,482,539,2021
4456,"HANDPUMP AT VILLAGE MUGIA
NEAR SHIV TEMPLE",HIMACHAL PRADESH,12,15,6.4,7.1,316,422,2021
4478,"INFTING WATER SUPLY SCHEME
SAMSHI, NEAR SABJI MANDI
BHUNTAR, TEHSIL KULLU, DISTT
KULLU",HIMACHAL PRADESH,11,18,7.1,7.6,214,270,2021
4467,"LIFT WATER SUPPLY SCHEME
FOR DHARAMSHALA TOWN,
NEAR HOTEL DHAULADHAR
HEIGHTS DARI, DHARAMSHALA",HIMACHAL PRADESH,16,16,7.1,7.4,209,526,2021
4468,"WATER SUPPLY SCHEME DARI,
MELA GROUND DARI,
DHARAMSHALA",HIMACHAL PRADESH,15,15,6.9,7,164,212,2021
4472,"WATER SUPPLY SCHEME
NAGROTA TOWN, NEAR POLICE
STATION, NAGROTA BAGWAN",HIMACHAL PRADESH,19,19,6.7,6.9,164,208,2021
1558,WELL AT BADDI,HIMACHAL PRADESH,24,24,8.1,8.1,1150,1150,2021
1556,WELL AT PAONTA SAHIB,HIMACHAL PRADESH,23,24,6.9,7.9,534,701,2021
1557,WELL AT PARWANOO,HIMACHAL PRADESH,15,19,8,9.1,678,720,2021
1562,WELL AT UNA,HIMACHAL PRADESH,24,26.5,7.2,7.9,378,509,2021
4068,"BABA TALAB (ANCIENT POND)
AT MISHRIWALA (WETLAND)",JAMMU & KASHMIR,24,24,8,8,340,340,2021
4072,"BOREWELL IN SMAILPUR NEAR
CHRISTIAN HOSPITAL",JAMMU & KASHMIR,23,23,7.4,7.4,360,360,2021
4065,"BOREWELL NEAR INDUSTRIAL
AREA BARI-BRAHMNA",JAMMU & KASHMIR,24,24,7.7,7.7,348,348,2021
4064,"BOREWELL NEAR INDUSTRIAL
AREA GANGYAL",JAMMU & KASHMIR,22,22,7.6,7.6,334,334,2021
4066,"BOREWELL NEAR INDUSTRIAL
AREA SAMBA",JAMMU & KASHMIR,18,18,7.3,7.3,496,496,2021
4073,"BOREWELL NEAR MAIN CHOWK,
SMAILPUR",JAMMU & KASHMIR,23,23,7.9,7.9,420,420,2021
2759,"DUGWELL AT
GAGHWAL(KATHUA DISTT)",JAMMU & KASHMIR,20,20,6.9,6.9,600,600,2021
2760,"MALADHAR TALAB(POND)HATLI
(KATHUA)",JAMMU & KASHMIR,24,24,7.5,7.5,340,340,2021
2762,"R.S. PURA TEHSIL, JAMMU",JAMMU & KASHMIR,21,21,8.3,8.3,560,560,2021
2761,"TUBE WELL KATHUA SICOP
INDUSTRIAL AREA KATHUA",JAMMU & KASHMIR,22,22,7.3,7.3,475,475,2021
4492,"HAND PUMP NEAR GARBAGE
DUMP, RAKSHIBANDH DUMKA",JHARKHAND,16,35,7.4,8.2,240,260,2021
4493,HOLY POND AT VILLAGE SIKATIA,JHARKHAND,15,34,7.5,7.6,260,292,2021
3564,"BOREWELL WATER NEAR
MANGALIJYOTHI SCHOOL MSW
SITE VAMMANJOOR",KARNATAKA,27,28,6.7,7.3,138,179,2021
19,"WELL AT ALWAYE, KERALA",KERALA,21,28,5.9,7.8,185,211,2021
2323,"WELL AT BRAHMAPURAM
M.S.W. DUMPARK
(ERNAKULAM)",KERALA,27,30,6.1,6.4,164,198,2021
2316,"WELL AT CHELLORA TRENCHING
GROUND (KANNUR)",KERALA,27,28,4.3,6,37,100,2021
1584,"WELL AT CHERTHALA, ALLEPPY,
KERALA",KERALA,29,30,7.6,7.8,197,274,2021
22,"WELL AT CHUNGAPALLY, KERALA",KERALA,29,30,5.5,6.4,112,132,2021
1586,"WELL AT EDAYAR ERNAKULAM
DISTT., KERALA",KERALA,27,28,5.9,6.4,231,420,2021
2308,"WELL AT FATHIMAPURAM
(CHANGANASSERY)",KERALA,28,30,6.3,6.4,147,218,2021
2324,"WELL AT HAZARDOUS WASTE
DUMP (AMBALAMUGHAL)",KERALA,29,31,5.1,5.4,113,128,2021
2315,WELL AT K.M.M.L. (KOLLAM),KERALA,21,25,6.4,7.8,210,211,2021
1587,"WELL AT KALAMASSERY
ERNAKULAM DISTT. , KERALA",KERALA,29,30,5.7,5.8,246,403,2021
1591,"WELL AT KANNUR
(MUNICIPALITY) KANNUR
DISTTM , KERALA",KERALA,28,28,4.9,5.6,90,116,2021
3475,"WELL AT KARIMBAM, KANNUR",KERALA,27,28,5.2,5.5,64,71,2021
2309,WELL AT KAROOR (PALA),KERALA,25,29,5.7,5.7,68,75,2021
2327,WELL AT KARUKAMANI,KERALA,27,28,7.1,7.6,670,875,2021
1583,"WELL AT KUNDARA, KOLLAM
DISTT. , KERALA",KERALA,22,24,6.8,6.9,163,184,2021
2314,"WELL AT KUREEPUZHA
(KOLLAM)",KERALA,21,23,6.2,7.1,165,195,2021
2321,WELL AT LALOOR (THRISSUR),KERALA,25,27,4.1,5.9,242,250,2021
1589,"WELL AT MALAPURAM , KERALA",KERALA,22,24,6.8,7.1,330,403,2021
2320,WELL AT MANJERI,KERALA,22,23,7.2,7.6,195,281,2021
1590,"WELL AT MAVOOR, KOZHIKKODE
DISTT. , KERALA",KERALA,29,30,6.1,6.7,89,96,2021
1582,"WELL AT NEDUMANGAD,
THIRUVANANTHAPURAM,
KERALA",KERALA,26,26,6.8,7.2,205,266,2021
2322,WELL AT OLLUR (THRISSUR),KERALA,20,28,5.2,5.9,170,250,2021
1581,"WELL AT PAPPANAMKODE,
THIRUVANANTHAPURAM,
KERALA",KERALA,26,26,6.5,6.6,143,178,2021
3474,"WELL AT PAYANOOR, KANNUR",KERALA,27,29,6.7,7,102,225,2021
1592,"WELL AT PAYYANNUR, KANNUR
DISTT. , KERALA",KERALA,27,29,6.2,6.4,158,394,2021
35,"WELL AT PUNALUR, KERALA",KERALA,22,25,6,6.6,142,154,2021
1588,"WELL AT PUNKUNNAM TRISSUR
DISTT. , KERALA",KERALA,25,28,4.8,5.6,185,269,2021
2317,"WELL AT PUNNALPETTIPPALAM
(TELLICHERRY MUNICIPALITY",KERALA,26,30,5.4,5.5,198,310,2021
2313,"WELL AT SARVODAPURAM,
ALAPPUZHA",KERALA,29,30,7.4,8,155,213,2021
2311,"WELL AT VADAVATHOOR
(KOTTAYAM)",KERALA,27,29,6.1,6.7,121,128,2021
2310,WELL AT VAIKOM,KERALA,26,26,6,6.1,166,328,2021
3463,"WELL AT VELLIPARAMBA,
KOZHEKODE",KERALA,28,30,5.4,6.3,80,119,2021
1585,"WELL AT VYTTILA, ERNAKULAM
DISTT. , KERALA",KERALA,28,31,7,7,356,643,2021
3472,"WELL OF TEMPLE
PARASSINIKADAVU, KANNUR",KERALA,26,28,7,7.1,365,552,2021
1606,"WELL (PUBLIC )OPPOSITE
S.B.SCHOOL",LAKSHADWEEP,28.5,28.5,7.3,7.3,714,714,2021
1600,WELL C/O ANDAM PALLI,LAKSHADWEEP,29.3,29.3,7.1,7.1,877,877,2021
4575,WELL C/O BEEREADAM,LAKSHADWEEP,28.9,30,6.7,7,928,1020,2021
4564,WELL C/O BELAVILATHA PALLI,LAKSHADWEEP,30.4,30.6,6.6,7,1050,1709,2021
1601,WELL C/O CIRCUIT HOUSE,LAKSHADWEEP,29,29,7.2,7.2,937,937,2021
4570,"WELL C/O FRIENDS COMMON
CLUB",LAKSHADWEEP,30.2,30.6,7,7.6,1011,1701,2021
1602,"WELL C/O GOVT. PRESS,",LAKSHADWEEP,28.8,29.3,7.5,7.5,725,837,2021
4552,WELL C/O HIGH SCHOOL,LAKSHADWEEP,29.1,30,7.2,7.3,1093,1101,2021
4576,WELL C/O HUSSAIN MANZIL,LAKSHADWEEP,30.4,30.9,6.4,7.2,655,695,2021
4554,WELL C/O I.G HOSPITAL,LAKSHADWEEP,29,29,7.2,7.2,861,861,2021
4553,WELL C/O J.B. SCHOOL (N),LAKSHADWEEP,27,27,7.4,7.4,802,802,2021
4562,WELL C/O JBS (C ),LAKSHADWEEP,29,30.2,7.3,7.4,1084,1094,2021
1596,WELL C/O KADAT PALLI,LAKSHADWEEP,28.8,28.8,7.2,7.2,715,715,2021
4550,WELL C/O KENDRIYA VIDYALAYA,LAKSHADWEEP,29.2,30.6,7.3,7.7,1024,1229,2021
4565,WELL C/O LAGOONS BATH,LAKSHADWEEP,30.2,30.6,6.6,6.6,724,996,2021
4569,WELL C/O MANDALI,LAKSHADWEEP,30.5,30.8,7.3,7.7,1098,2129,2021
4574,WELL C/O MOULA PALL,LAKSHADWEEP,29,30.8,7.1,7.1,536,683,2021
1604,WELL C/O MPSAF QUARTER,LAKSHADWEEP,29.6,29.8,7,7.4,1320,3870,2021
4563,WELL C/O NURSERY SCHOOL,LAKSHADWEEP,30.2,30.9,6.2,6.7,810,910,2021
4572,WELL C/O OBSERVATORY,LAKSHADWEEP,29.9,30.3,7.4,7.5,776,1311,2021
1603,"WELL C/O OLD POLICE
BARRACKS,",LAKSHADWEEP,29.3,30.7,7.1,7.4,1296,1733,2021
4558,WELL C/O PURAKKATTAPOOMI,LAKSHADWEEP,28.8,30,7.1,7.7,935,1140,2021
1599,WELL C/O PURATHA PALLI,LAKSHADWEEP,28.8,28.8,7.2,7.2,621,621,2021
1598,WELL C/O PUTHIYA PALLI,LAKSHADWEEP,28.3,28.3,7.3,7.3,480,480,2021
4560,WELL C/O PUTHIYARA PALLI,LAKSHADWEEP,29,30.2,6.9,7.1,3560,6880,2021
4561,WELL C/O PUTHIYATHAKAL,LAKSHADWEEP,29,30.2,6.8,6.9,1721,3560,2021
4556,WELL C/O SOLAR PLANT,LAKSHADWEEP,29.2,30.7,7.3,7.5,773,963,2021
4573,WELL C/O SULTHAN VEED,LAKSHADWEEP,29.1,29.9,7,7,805,1096,2021
4559,WELL C/O THAJ MANZIL,LAKSHADWEEP,28.9,30.2,7.1,7.5,1320,2630,2021
4567,WELL C/O UJRA PALLI,LAKSHADWEEP,29,31,7.2,7.2,594,618,2021
1597,WELL NEAR BADER PALLI,LAKSHADWEEP,27.8,27.8,7.3,7.3,563,563,2021
1595,WELL NEAR CHEKKILLAM HOUSE,LAKSHADWEEP,28.7,28.7,7.4,7.4,373,373,2021
1605,WELL NEAR HALIPAD,LAKSHADWEEP,29.2,30.6,7.4,7.4,992,1280,2021
4571,WELL NEAR HARBOR COTTAGE,LAKSHADWEEP,30.3,30.6,6.6,7.2,1025,2802,2021
4555,WELL NEAR HELIPAD 2,LAKSHADWEEP,29.1,30.3,7.4,7.8,1611,2120,2021
1593,WELL NEAR J.B SCHOOL,LAKSHADWEEP,29,29,7.1,7.1,990,990,2021
4551,"WELL NEAR J.B. SCHOOL (E)
WITH MOTOR)",LAKSHADWEEP,27.3,27.3,7.2,7.2,876,876,2021
4548,"WELL NEAR KENDRIYA
VIDYALAYA",LAKSHADWEEP,29.8,30,7.2,8,725,1710,2021
1594,WELL NEAR OTTAVATHIL PALLI,LAKSHADWEEP,27.2,27.2,7.2,7.2,935,935,2021
1402,"WELL NEAR PWD ADJACENT TO
CHAKIKILUM IN KAVARATTI",LAKSHADWEEP,28.1,28.1,7.2,7.2,663,663,2021
4566,WELL NEAR S & T,LAKSHADWEEP,28.9,29.5,6.8,6.9,1080,1163,2021
4549,WELL NEAR STADIUM,LAKSHADWEEP,28.8,29.6,7.3,7.5,664,679,2021
3342,"BOREWELL WATER AT VILLAGE
TARPUR, SECTOR-II,
PITHAMPUR, INDUSTRIAL AREA",MADHYA PRADESH,20,23,7.6,7.8,458,679,2021
4618,"GROUND WATER AT INDUSTRIAL
AREA, MANERI DISTT MANDLA",MADHYA PRADESH,21.8,21.8,7.3,7.3,498,498,2021
3838,"GROUND WATER NCL,
JINGURDHA, QSHF-176
METENCE OFF, DIST SINGROULI",MADHYA PRADESH,26.8,30,7.1,7.5,492,560,2021
3823,"GROUND WATER NEAR BUS
STAND, DIST BALAGHAT",MADHYA PRADESH,21.2,21.2,7.2,7.4,418,418,2021
3825,"GROUND WATER NEAR BUS
STAND, DIST MANDLA",MADHYA PRADESH,21,21,7.3,7.4,563,670,2021
3822,"GROUND WATER NEAR BUS
STAND, DIST NARSINGPUR",MADHYA PRADESH,21.3,21.3,7.2,7.4,438,438,2021
3826,"GROUND WATER NEAR BUS
STAND, DIST SEONI",MADHYA PRADESH,21,21.6,7.3,7.3,260,529,2021
3844,"GROUND WATER NEAR
COMMERCIAL AUTO MOBILE",MADHYA PRADESH,27.3,30,7.1,7.5,450,597,2021
,"NEAR BHARAT PETROL PUMP,
VINDHYA NAGAR, SINGROULI",,,,,,,,2021
3843,"GROUND WATER NEAR
ENTRANCE GAGE OF
VIVEKANANAD STATUE, NIGAHI,
SINGROULI",MADHYA PRADESH,26.6,26.6,7.3,7.3,413,413,2021
3839,"GROUND WATER NEAR SHIV
MANDIR, AMLORI NCL, PROJECT
SINGROULI",MADHYA PRADESH,27.2,30,7.3,7.5,373,700,2021
3842,"GROUND WATER NEAR SUB
STATION SECTOR-B, DUDHICHUA
NCL PROJECT, SINGROULI",MADHYA PRADESH,26.5,26.5,7.6,7.6,448,448,2021
3840,"GROUND WATER NEAR SUBJEE
MANDI NCL JAYANT (BESIDE
POLICE STATION), SINGROULI",MADHYA PRADESH,26.5,30,7.4,7.5,260,310,2021
3837,"GROUND WATER PRIMARY
SCHOOL DHOBI GHAT, DIST
SINGROULI",MADHYA PRADESH,26.8,28,7.1,7.5,492,560,2021
1618,"GROUND WATER SAMPLING AT
TWO POINTS IN INDUSTRIAL
AREA MALANPUR, M.P",MADHYA PRADESH,26,26,7.5,7.5,1500,1500,2021
1619,"GROUND WATER SAMPLING AT
TWO POINTS IN INDUSTRIAL
AREA MALANPUR, M.P",MADHYA PRADESH,24,24,7.9,7.9,1625,1625,2021
3841,"GROUND WATER SARVESWAR
RAJA COLONY JAYANT,
SINGROULI",MADHYA PRADESH,26.5,30,7.5,7.6,410,448,2021
3824,"GROUND WATER VILL
BHEEMJORI, MALAJKH, DIST
BALAGHAT",MADHYA PRADESH,21,21,7.4,8.4,477,1017,2021
3827,"GROUND WATER VILL IMALIA,
DIST JABALPUR",MADHYA PRADESH,21,22.2,7.2,7.4,298,542,2021
4625,"HAND PUMP DISTRICT HOSPITA
BHOPAL",MADHYA PRADESH,24,28,7,7.2,758,1995,2021
4630,"HAND PUMP DISTRICT HOSPITAL
BETUL",MADHYA PRADESH,25,30,7.4,8.1,723,723,2021
4627,"HAND PUMP DISTRICT HOSPITAL
HOSHANGABAD",MADHYA PRADESH,20,27,7.1,7.6,739,3767,2021
4626,"HAND PUMP DISTRICT HOSPITAL
SEHORE",MADHYA PRADESH,24,28,6.9,7.9,529,1152,2021
4628,"HAND PUMP DISTRICT HOSPITAL
VIDISHA",MADHYA PRADESH,23,25,7,7.1,1013,1235,2021
4629,"HAND PUMP DSTRICT HOSPITAL
TAISEN",MADHYA PRADESH,28,28,7.4,7.4,1178,1178,2021
3338,"HAND PUMP NEAR PANCHAYAT
BHAWAN, VILLAGE TINAWALI
RAIRU",MADHYA PRADESH,26,26,7.9,7.9,386,386,2021
3333,"HAND PUMP WATER AT
BANSKHEDI, BHOPAL",MADHYA PRADESH,27,28,7.2,7.8,740,848,2021
1617,"OPEN WELL/TUBE WELL
INDUSTRIAL AREA MANDIDEEP,
DISTT. RAISEN, M.P",MADHYA PRADESH,25,25,7.2,7.2,1033,1033,2021
1616,"OPEN WELL/TUBE WELL
INDUSTRIAL AREA,
GOVINDPURA, BHOPAL, M.P",MADHYA PRADESH,28,29,7.4,7.5,272,811,2021
1897,"TUBE WELL AT JAINABAD, NEAR
TAPTI BRIDGE, PUMPING STN.
BURHANPUR, M.P.",MADHYA PRADESH,21,24,7.6,8.1,696,4887,2021
3340,"TUBE WELL AT NEAR TRENCHING
GROUND, INDORE",MADHYA PRADESH,21,23,7.3,7.4,2081,2623,2021
3341,"TUBE WELL AT SECTOR-III,
PITHAMPUR INDUSTRIAL AREA",MADHYA PRADESH,20,24,7.5,7.8,810,982,2021
3334,"TUBE WELL NEAR BUS STAND AT
BETUL",MADHYA PRADESH,26,31,7.7,7.7,724,791,2021
3343,"TUBE WELL NEAR INDUSTRIAL
AREA UDYOG VIHAR , CHURAT,
REWA",MADHYA PRADESH,26.9,28,7.1,7.2,1375,1422,2021
3854,"TUBE WELL WATER SAMPLE OF
SIDHI CITY",MADHYA PRADESH,24,28,7,7.1,988,1023,2021
3337,"TUBE WELL/ HAND PUMP AT
INDL AREA SEONI NEAR
BARAPATTHAR",MADHYA PRADESH,21.2,21.2,7.2,7.5,368,368,2021
3335,"TUBE WELL/ HAND PUMP AT
INDUSTRIAL AREA RECHHAI,
JABALPUR",MADHYA PRADESH,21.2,21.2,7.1,7.6,282,282,2021
3336,"TUBE WELL/ HAND PUMP AT
INDUSTRIAL AREA,
CHHINDWARA",MADHYA PRADESH,28,31,7.3,8.1,692,692,2021
3332,"TUBE WELL/ HAND PUMP AT
INDUSTRIAL AREA, DEWAS",MADHYA PRADESH,22,30,7.4,7.8,2104,3050,2021
3339,"TUBE WELL/ HAND PUMP NEAR
MANGLIA INDUSTRIAL AREA ,
INDORE",MADHYA PRADESH,21,24,6.5,7.5,1359,1528,2021
3345,"TUBEWELL AT INDL AREA,
ANUPPUR",MADHYA PRADESH,27.8,28,8,8.1,491,589,2021
3344,"TUBEWELL AT INDL AREA,
SHAHDOLU/G WATER SAMPLE
FROM INDUSTRIAL
AREA,NARSARHA,DISTT.
SHAHDOL(M.P.)",MADHYA PRADESH,28,28.5,8,8.1,488,611,2021
2149,"WELL AT CULVERT ON A.B.
ROAD, MAKSI",MADHYA PRADESH,24,24,7.3,7.3,1861,1861,2021
2153,"WELL AT IBRAHIMGANJ NEAR
BUS STAND, BHOPAL",MADHYA PRADESH,27,27,7.4,7.8,798,835,2021
2143,"WELL AT KATHODA, JABALPUR",MADHYA PRADESH,21,21,7.4,7.7,412,611,2021
2144,"WELL AT MADAI GRAM,
JABALPUR",MADHYA PRADESH,22.3,22.3,7.4,7.5,428,428,2021
2145,"WELL AT MEHATWAS, NAGDA",MADHYA PRADESH,26,26,7.5,7.5,1618,1767,2021
2154,"WELL AT NEAR PRIMARY
SCHOOL, PILUKHEDI, RAJGARH.",MADHYA PRADESH,24,27,7.1,7.9,370,850,2021
2147,"WELL AT PRATAL NAGAR,
DEWAS",MADHYA PRADESH,25,25,7.2,7.5,2918,3440,2021
2152,"WELL AT TRENCHING GROUND
IN THE PREMISES OF M/S
LAKHANI FOOT WEAR, INDORE",MADHYA PRADESH,20,23,7.4,7.6,2044,2640,2021
2151,"WELL AT TRENCHING GROUND
IN THE PREMISES OF M/S
RISHABH MASALA UDYOG,
INDORE",MADHYA PRADESH,20,23,7.5,7.8,2597,2936,2021
2150,"WELL AT TRENCHING GROUND,
NEAR GARDEN, DEV GURADIYA
ROAD, INDORE",MADHYA PRADESH,20,23,7.5,7.7,923,1666,2021
52,"WELL, SHRI RAO PRAJAPATI
WELL , M. P.(T/W OF HANIF
KHAN S/O JABBAR KHAN,
AMRAWATI ROAD, BURHANPUR
)",MADHYA PRADESH,22,22,7.8,7.8,1555,1555,2021
2002,"ANJANGAON,AKOT, AKOLA",MAHARASHTRA,25,27,7.9,8,656,1093,2021
1990,"BMW SITE, BURUDGAON,
AHMEDNAGAR",MAHARASHTRA,22,23,7.1,7.3,955,2296,2021
2821,"BORE WELL AT BALE RAILWAY
STATION PREMISES OWNED BY
SHRI DIGAMBAR JOSHI,
DAHEGAON, NORTH SOLAPUR",MAHARASHTRA,20,26,7.4,7.9,1294,5783,2021
2817,"BORE WELL AT CHITALI NEAR
WAGH VASTHI, RAHATA,
AHMADNAGAR",MAHARASHTRA,22,22,7.4,7.5,769,990,2021
2818,"BORE WELL AT M/S SPECTRON
ETHERS SIDDESHWAR MAHADEV
MANDIR, RASEGAON, DINDORI,
NASHIK",MAHARASHTRA,21,21,7.1,7.1,999,999,2021
2830,"BORE WELL AT MIDC GOKUL-SHIRGAON, KARVIR, KOLHAPUR",MAHARASHTRA,28,28,7.4,8,593,970,2021
2829,"BORE WELL AT MIDC SHIROLI
NEAR M/S PRATIBHA",MAHARASHTRA,28,28,7.5,8,747,2084,2021
,"ARKETWADI NEAR MASJID,
KHED, RATNAGIRI",,,,,,,,2021
2834,"DUG WELL NO-2 AT ARKETWADI,
KHED, RATNAGIRI",MAHARASHTRA,25,29,6,7.5,138,829,2021
2835,"DUG WELL NO-2 OWNED BY
GROUP GRAM PANCHAYAT
BRAHMANWADI, ANJANWEL,
GUHAGAR, RATNAGIRI",MAHARASHTRA,25,27,6,7.2,82,484,2021
2816,"DUG WELL OF MR.SAMPAT
WALUNJ NEAR M/S MAHAJEET
CLAYTON, SHINDE VILLAGE,
NASHIK",MAHARASHTRA,21,21,7.3,7.3,1510,1510,2021
2819,"DUG WELL OWNED BY SHRI
DESHMUKH, MALEGAON,
BARAMATI, PUNE",MAHARASHTRA,27.5,29,7.5,7.8,3584,4076,2021
2820,"DUG WELL OWNED BY SHRI
SHIVAJI BABAN DAREKAR,
SANASWADI, SHIRUR, PUNE",MAHARASHTRA,23,26,7.8,8.1,262,1295,2021
1987,"GOKHIWARE,VASAI, THANE",MAHARASHTRA,28,38,7.1,7.7,520,9924,2021
2203,"HAND PUMP IN THE PREMISES
OF ZILLA PARISHAD PRIMARY
SCHOOL, BHUGAON, WARDHA",MAHARASHTRA,17,20,7.6,8,760,1368,2021
1985,"KASHIMIRA,BHAYANDER, THANE",MAHARASHTRA,28,38,7.6,7.9,1019,2672,2021
2005,"KHANJIRENAGAR,
HATKANANGALE, KOLHAPUR",MAHARASHTRA,28,28,7.4,8.2,980,2106,2021
1995,"KHAPERKHEDA,
SAONER,NAGPUR",MAHARASHTRA,24,24,8,8.1,715,735,2021
2006,"MIDC, SHINOLI, CHANDGAD,
KOLHAPUR",MAHARASHTRA,28,28,7.3,8.1,620,2048,2021
1989,"MSW SITE,
KARAWALA,TALOJA,PANVEL,
RAIGAD",MAHARASHTRA,28,29,7.9,8,74,124,2021
1992,"MSW SITE, MOSHI,PIMPRI-CHINCHWAD, HAWELI,PUNE",MAHARASHTRA,25,27,7.3,7.7,152,948,2021
,"ENTERPRISES, HATKANANGALE,
KOLHAPUR",,,,,,,,2021
2823,"BORE WELL AT SHETE VASTI
NEAR OLD TULJAPUR ROAD,
TULJAPUR NAKA, SOLAPUR",MAHARASHTRA,22,26,7.6,7.9,1290,4536,2021
2825,"BORE WELL AT WAHEGAON
NEAR ZILLA PARISHAD SCHOOL,
WAHEGAON,PAITHAN,
AURANGABAD",MAHARASHTRA,29,29,7.3,7.8,1989,3486,2021
2822,"BORE WELL NEAR CHINCHOLI,
MOHOL, SOLAPUR",MAHARASHTRA,22,27,7.6,7.8,1305,1411,2021
2204,"DUG WELL AT GUNJALWADI,
SANGAMNER NEAR PRIMARY
HEALTH CARE CENTER,
AHMEDNAGAR",MAHARASHTRA,21,22,7.1,7.6,368,1410,2021
2201,"DUG WELL AT RANJANGAON,
GANAGAPUR, AURANGABAD",MAHARASHTRA,29,29,7.9,7.9,1915,1915,2021
2831,"DUG WELL AT SAKHARALI NEAR
MIDC ISLAMPUR NEAR KRISHNA
MILK INDUSTRY, WALWA,
SANGALI",MAHARASHTRA,24,24,7.4,7.4,1046,1046,2021
2828,"DUG WELL NEAR JILLA PARISHAD
PRIMARY SCHOOL, VISAPUR,
BALLARPUR, CHANDRAPUR",MAHARASHTRA,42,42,7.6,8.7,692,930,2021
2826,"DUG WELL NEAR RAILWAY
STATION, COTTON MARKET,
WARDHA",MAHARASHTRA,17,21,7.8,8,692,791,2021
2832,"DUG WELL NO-1 AT
BRAHMANWADI ANJANWEL
OWNED BY SHRI VAIDYA,
GUHAGAR, RATNAGIRI",MAHARASHTRA,25,27,6.1,7.6,80,94,2021
2833,"DUG WELL NO-1 AT GROUP
GRAM PANCHAYAT AT",MAHARASHTRA,25,29,6.2,7.2,205,476,2021
1991,"MSW SITE, PATHARDI, NASIK",MAHARASHTRA,21,21,6.9,6.9,970,970,2021
2004,"PARVATI INDL. ESTATE, YADRAV,
SHIROL, KOLHAPUR",MAHARASHTRA,28,28,7.4,8,982,2192,2021
1997,"RAIPUR,HINGNA NAGPUR",MAHARASHTRA,16,16,8,8,826,826,2021
2008,"RASULWADI-SAMBARWADI,
MIRAJSANGLI",MAHARASHTRA,23,23,6.2,6.2,4448,4448,2021
2007,"SAVALI, MIRAJ, SANGLI",MAHARASHTRA,23,23,7.1,7.1,4363,4363,2021
2003,"SAWARGAON, YAVATMAL",MAHARASHTRA,33,33,8,8.3,634,756,2021
1994,"TPS-DURGAPUR, CHANDRAPUR",MAHARASHTRA,32,32,7.7,8.6,635,740,2021
1921,GROUND WATER NEAR HEIROK,MANIPUR,24,24,6.8,6.8,742,742,2021
2885,HAND PUMP AT SAITON,MANIPUR,25,25,6.8,6.8,121,121,2021
2881,HAND PUMP AT TAKHEL,MANIPUR,24,24,6.9,6.9,609,609,2021
1920,KAKCHING,MANIPUR,23,23,6.4,6.4,705,705,2021
1922,LAMKA,MANIPUR,25,25,6.9,6.9,493,493,2021
1923,MOREH,MANIPUR,26,26,6.8,6.8,672,672,2021
1924,PALLEL,MANIPUR,27,27,7.2,7.2,582,582,2021
4323,"BOREWELL AT GOOD SHAPHARD
PARISH IN LADRYMBAI",MEGHALAYA,17,17.1,6.7,6.8,186,202,2021
4324,"BOREWELL AT KHLIEHWAH
SHASEM - A IN KHLIEHRIAT",MEGHALAYA,17.1,18,5,5.5,105,157,2021
4325,"BOREWELL AT KHLIEHWAH
SHASEM - B IN KHLIEHRIAT",MEGHALAYA,17,17.4,5.6,5.9,85,90,2021
4904,"DEEP TUBE WELL AT
DONGKAMON NONGMENSONG,
SHILLONG",MEGHALAYA,19,22,6.5,7.1,87,97,2021
4906,"DEEP TUBE WELL AT LABAN LAST
STOP, SHILLONG",MEGHALAYA,21,22,5.4,5.9,59,63,2021
4905,"DUG WELL AT FOREST COLONY,
POLO, SHILLONG",MEGHALAYA,21,22,6.5,6.7,138,155,2021
1636,"INDUSTRIAL ESTATE, BYRNIHAT
(NARBONG WELL - SPRING)",MEGHALAYA,15,19,6.5,6.6,155,162,2021
3386,JAKREM HOT SPRING AT JAKREM,MEGHALAYA,43,44,9.1,9.3,305,322,2021
1635,"MAWLAI, SHILLONG
(MAWPDANG SPRING)",MEGHALAYA,21,23,5.5,6.5,259,285,2021
3385,"MAWTHADRISHAN WELL AT
MARKASA",MEGHALAYA,17,20.1,6.5,6.8,51,55,2021
1634,"POLICE BAZAR, SHILLONG
(POLICE BAZAAR SPRING)",MEGHALAYA,21,22,5.7,6.6,235,249,2021
1638,"SHANGPUNG (UMSAHEP
SPRING)",MEGHALAYA,14,18,5.5,5.7,118,164,2021
1637,"SOHRA, CHERRAPUNJEE (WAH U
DKHAR - SPRING)",MEGHALAYA,15,20,5.4,5.7,105,115,2021
3758,"BETHEL VENG HAND PUMP,
CHAMPHAI",MIZORAM,23,24,6.5,6.9,316,557,2021
3732,"CHALTLANG HAND PUMP, NEAR
REMI TYRE WORKS",MIZORAM,23,25,5.8,6,426,438,2021
3742,"CHANMARI HAND PUMP,
LAWNGTLAI",MIZORAM,23,23,6.1,6.9,141,194,2021
3745,"CHHOCHHOPA TUIKHUR, SAIHA",MIZORAM,19,20,6.2,7.2,203,249,2021
4124,"ELECTRIC VENG TUIKHUR,
LUNGKEI (SPRING)",MIZORAM,18,25,6.7,6.8,247,447,2021
4128,"HAND PUMP, NEW SAIHA BAZAR",MIZORAM,21,21,7.2,7.2,152,152,2021
3753,"HMAR VENG TUIKHUR, KOLASIB",MIZORAM,25,26,7.2,7.8,535,610,2021
3741,"KHURPUI TUIKHUR, LAWNGTLAI",MIZORAM,17,18,6.7,7.9,239,301,2021
4127,"KHURPUI TUIKHUR, NEW
COLONY, SAIHA (SPRING)",MIZORAM,19,22,5.7,6.3,217,357,2021
3728,"KHURPUI TUIKHUR, S HLIMEN",MIZORAM,25,25,6.4,6.6,233,260,2021
3725,"LUNGLI TUIKHUR, REPUBLIC
VENG",MIZORAM,18,23,6.1,7.1,276,394,2021
2055,"MISSION VENGTHLANG
(SOUTHERN PART)",MIZORAM,18,26,6.1,7.1,327,601,2021
4133,"NGHARPET VENG TUIKHUR,
LUNGSIR, MAMIT (SPRING)",MIZORAM,19,28,6.5,7.2,128,266,2021
4126,"PAWHHAWN TUIKHUR, NR GM
HSS, VENGSANG, CHAMPHAI
(SPRING)",MIZORAM,11,19,5.9,7.8,165,297,2021
3748,"PROJECT VENG HAND
PUMP,SERCHHIP",MIZORAM,20,23,5.5,7.1,84,124,2021
2054,RAMHLUM (NORTHERN PART),MIZORAM,19,25,6.2,6.9,401,536,2021
3726,"RAMHLUN S TUIKHUR, NEAR
COMMUNITY HALL",MIZORAM,19,26,6.2,6.8,422,527,2021
3733,S HLIMEN HAND PUMP,MIZORAM,23,25,6.5,7.1,227,282,2021
3738,"SAP TUIKHUR, SERKAWN
NEARBY",MIZORAM,17,18,6.7,7.3,69,124,2021
3730,SELESIH HAND PUMP,MIZORAM,23,25,6.4,7.4,81,123,2021
3731,TUIKUAL HAND PUMP,MIZORAM,22,22,6.4,6.4,555,555,2021
3727,"TUITHANG VENG, TUIKHUR",MIZORAM,18,22,7,7.5,233,491,2021
4129,"TUIVAMIT TUIKHUR, AOC VENG,
LAWNGTLAI (SPRING)",MIZORAM,19,21,7,7.6,119,159,2021
3737,"VAITUI TUIKHUR,THEIRIAT,
LUNGLEI",MIZORAM,18,21,6.3,7.3,139,453,2021
3739,"ZOBAWK VENG HAND PUMP,
LUNGLEI",MIZORAM,18,21,7,7,287,298,2021
2899,"BOREWELL AT DHANSIRIPAR,
DHANSIRIPAR DIVISION,
DIMAPUR",NAGALAND,26.6,28.5,7,7.5,239,252,2021
2897,"BOREWELL AT KAMDI BAZAR,
PEREN",NAGALAND,17.8,29,6.5,6.5,237,243,2021
2896,"BOREWELL AT KOHIMA VILLAGE
IN KOHIMA",NAGALAND,17.8,22.3,6,6.6,669,788,2021
2905,"BOREWELL AT SIGNAL POINT,
DIMAPUR",NAGALAND,24,32.1,6.4,7.1,232,234,2021
2902,"BOREWELL AT THAHEKHU
VILLAGE, DIMAPUR",NAGALAND,23.7,31.6,7.3,7.8,369,434,2021
2898,"OPENWELL AT DOYAPUR
DHANSIRIPAR DIVISION,
DIMAPUR",NAGALAND,25.3,29,2,5.2,168,184,2021
2901,"OPENWELL AT LUNGWIRAM
VILLAGE, DIMAPUR",NAGALAND,27.3,31.6,6,6.5,186,313,2021
2904,"OPENWELL AT NAGA CEMETERY,
DIMAPUR",NAGALAND,25.2,32.7,6,7,736,920,2021
2903,"OPENWELL AT SIGNAL ANGAMI
VILLAGE, DIMAPUR",NAGALAND,26.8,31.3,6.5,7.5,726,1349,2021
2900,"OPENWELL AT TOULAZOUMA
VILLAGE, DIMAPUR",NAGALAND,25.9,28.7,5.5,6,201,207,2021
3971,ANGUL TOWNSHIP,ODISHA,23,24,7.1,7.2,731,1178,2021
4895,"BADACHINDRI, KORAPUT",ODISHA,19,23,6.5,7.4,242,704,2021
3982,"BADAMANI INDUSTRIAL ESTATE,
JHARSUGUDA",ODISHA,29,29,6.3,7,113,174,2021
1647,"BADAMBARI AREA, CUTTACK",ODISHA,25,26,6.9,6.9,305,456,2021
3988,"BADAPADIA MARKET COMPLEX,
PARADEEP",ODISHA,31,32.8,8.4,8.5,882,1679,2021
4870,"BALDA BLOCK IRON ORE MINES
OF M/S SIRAJUDDIN & CO.
(NEAR TIME OFFICE INSIDE THE
MINE LEASEHOLD AREA)",ODISHA,22,23,6.2,6.5,96,104,2021
3978,"BANARPAL, TALCHER",ODISHA,23,24,7,7.2,946,1202,2021
3987,"BELPAHAR AREA, JHARSUGUDA",ODISHA,27,28,5.2,6.6,238,309,2021
1646,"BIDANASHI - TULASIPUR AREA,
CUTTACK",ODISHA,26,26,6.8,7.1,157,282,2021
3984,"BRAJARAJ NAGAR MINING BELT,
JHARSUGUDA",ODISHA,28,29,5.3,7.1,101,198,2021
3983,"BUDHIPADAR, JHARSUGUDA",ODISHA,28,29,6.5,6.8,180,181,2021
3981,"BURKHAMUNDA, JHARSUGUDA",ODISHA,29,29,7.2,8.3,163,198,2021
1650,"CAPITAL HOSPITAL AREA,
BHUBANESWAR",ODISHA,27,29,5.7,6.2,207,210,2021
3994,"CHAKULIA, BALASORE",ODISHA,25,26,6.6,6.8,359,424,2021
4875,COLLECTOR OFFICE PREMISES,ODISHA,24,25,7.3,7.5,344,375,2021
4873,"DDM OFFICE, KOIRA PREMISES",ODISHA,24,24,6.8,7.2,113,175,2021
4868,"DHANGIDIMUTA VILLAGE (BASTI
SAHI) NEAR CATCH POND OF
MINE RUN-OFF WATER NEAR
BADAPAHAR MINING AREA",ODISHA,25,26,6.6,6.8,229,267,2021
4867,"DHANGIDIMUTA VILLAGE
(KUSUMI GP OFFICE NEAR
BADAMPAHAR MINING AREA",ODISHA,25,26,6.8,6.9,155,183,2021
4864,"DHENKANAL DAILY MARKET
AREA",ODISHA,24,24,6.9,7.1,418,485,2021
4891,"DISTRICT HEAD QUARTER
HOSPITAL CAMPUS",ODISHA,24,26,7.3,7.7,549,810,2021
4865,"DISTRICT HEAD QUARTER
HOSPITAL PREMISES",ODISHA,25,28,7,7.2,285,351,2021
4898,GABRALGUDA,ODISHA,18,22,6.5,6.8,163,276,2021
4899,"GOSALPADA COLONY (WARD
NO. 7), BHAWANIPATNA",ODISHA,17,24,6.9,7.1,705,762,2021
4876,"GOVT. MODEL DEGREE COLLAGE
PREMISES",ODISHA,24,25,6.9,7.6,221,436,2021
4903,"HAZARIBAGICHA PRIMARY
SCHOOL, HAZARIBAGICHA,
KENDAPARA",ODISHA,31,33,7.7,8,661,895,2021
1657,"HOSPITAL - BUS STAND-MAUSHIMA TEMPLE AREA, PURI",ODISHA,27,29,7.4,7.8,999,1089,2021
3986,"IB THERMAL POWER STATION,
JHARSUGUDA",ODISHA,28,29,6,6.5,76,128,2021
4863,"INSIDE GAJMARA UP SCHOOL,
GAJAMARA, DHENKANAL",ODISHA,24,24,6.5,7,214,418,2021
4881,"INSIDE THE PREMISES OF
DISTRICT HEAD QUARTER
HOSPITAL, NAYAGARH",ODISHA,30,30,6,7.4,550,1060,2021
4877,"INSIDE THE PREMISES OF
DISTRICT HEAD QUARTER
HOSPITAL, PARALAKHEMUNDI",ODISHA,17,31,7.1,7.3,408,593,2021
4879,"INSIDE THE PREMISES OF
DISTRICT HEAD QUARTER
HOSPITAL, PHULBANI",ODISHA,29,30,6.5,7.4,397,520,2021
4896,"JAGANNATH TEMPLE, KORAPUT",ODISHA,19,23,7,7.4,205,318,2021
1644,"JAGATPUR INDUSTRIAL AREA,
CUTTACK",ODISHA,27,30,6,6.7,550,564,2021
4869,"JODA WEST MANGANESE MINE
OF M/S TATA STEEL LTD.
(BICHHAKUNDI COLONY), JODA",ODISHA,22,23,5.4,7.1,93,136,2021
3992,"KALIAPANI, SUKINDA",ODISHA,21,22,6.6,7.3,208,291,2021
1652,"KALPNA - LAXMINAGAR AREA,
BHUBANESWAR",ODISHA,27,29,5.7,6.3,330,541,2021
3993,"KAMARDA, SUKINDA",ODISHA,21,22,6.5,7.3,266,286,2021
3974,"KANIHA, TALCHER",ODISHA,23,24,7.3,7.5,222,402,2021
4894,"KASTURI NAGAR, RAYAGADA",ODISHA,18,23,7,7.1,260,308,2021
1649,"KHANDAGIRI AREA,
BHUBANESWAR",ODISHA,28,29,5.6,5.8,270,820,2021
3995,"KUANRPUR, BALASORE",ODISHA,25,26,6.6,7.3,36,287,2021
3979,"KULAD, TALCHER",ODISHA,23,24,7.4,8.1,428,797,2021
1645,"MADHUPATNA- KALYAN NAGAR
AREA, CUTTACK",ODISHA,26,26,6.5,6.7,350,397,2021
3973,"MAHANADI COAL FIELD AREA,
TALCHER",ODISHA,23,23,7.2,7.2,290,290,2021
1653,"MANCHESWAR INDUSTRIAL
AREA, BHUBANESWAR /
CHANDRASHEKHARPUR",ODISHA,27.5,28,5.7,6,207,228,2021
4862,"MARKET COMPLEX, COURT
CHHAK, KHADIA ROAD,
KENDAPARA",ODISHA,31,33,6.9,7.6,720,807,2021
3976,"MERAMUNDALI AREA, TALCHER",ODISHA,22,24,7.6,7.7,866,1269,2021
3989,"MUSADIHA, PARADEEP",ODISHA,31,33.3,8.2,8.2,314,1908,2021
4901,"MV-43, MALKANIGIRI",ODISHA,20,24,6.8,7,446,633,2021
3996,"NAIGOPALPUR, BALASORE",ODISHA,26,27,6.8,7.4,114,1089,2021
3972,"NALCO TOWNSHIP, TALCHER",ODISHA,23,24,7.4,7.7,571,609,2021
3966,"NEAR BADABAZAR, BERHAMPUR",ODISHA,29,31,6.9,7.1,854,908,2021
4883,"NEAR BARGARH GOVT.
HOSPITAL",ODISHA,24,25,7.1,7.5,608,644,2021
4887,"NEAR BOLANGIR MEDICAL
COLLEGE",ODISHA,23,27,7.4,7.5,181,1083,2021
3965,"NEAR BUS STAND, BERHAMPUR",ODISHA,30,31,7.4,7.4,720,1047,2021
4890,"NEAR BUTUPALLI CHHAK,
MAULISINGHA ROAD",ODISHA,25,28,7.3,7.7,922,2135,2021
4884,"NEAR GANAPATI GOVT.
HOSPITAL",ODISHA,24,26,6.8,7,1010,3217,2021
4892,"NEAR GUNDICHA TEMPLE AT
TENTEL GHAT, SONEPUR",ODISHA,24,27,7.4,7.6,526,682,2021
1656,"NEAR JAGANNATH TEMPLE,
PURI",ODISHA,27,29,7.4,7.6,1134,1272,2021
1658,"NEAR KUSHABHADRA, PURI",ODISHA,30,30.3,8,8.4,623,41840,2021
3964,"NEAR MKCG MEDICAL COLLEGE,
BERHAMPUR",ODISHA,30,31,7.7,7.9,527,968,2021
4886,"NEAR NILASAILA NAGAR
(BACKSIDE OF VETERINARY
OFFICE",ODISHA,23,26,7.1,7.3,325,480,2021
4885,"NEAR NUAPADA GOVT.
HOSPITAL",ODISHA,24,27,7.1,7.5,421,549,2021
3970,"NEAR PANTHANIVAS,
SAMBALPUR",ODISHA,24,27,6.3,7.1,257,347,2021
3967,"NEAR RAILWAY STATION STAND,
BERHAMPUR",ODISHA,30,32,7.1,7.2,517,647,2021
3969,"NEAR RAILWAY STATION,
SAMBALPUR",ODISHA,24,29,7,7.4,1407,2473,2021
1655,"NEAR SEA BEACH, PURI",ODISHA,29,29,8,8,1584,1584,2021
4878,"NEAR SOLID WASTE DISPOSAL
SITE OF GAJAPATI MUNICIPALITY
AT RELLY SAHI",ODISHA,16,31,7.1,7.3,450,973,2021
4882,"NEAR SOLID WASTE DISPOSAL
SITE OF NAYAGARH NAC AT
BHALUKHOLA VILLAGE",ODISHA,30,30,6.1,7.8,146,1249,2021
4880,"NEAR SOLID WASTE DISPOSAL
SITE OF PHULBANI
MUNICIPALITY AT DADA PUJA
MOUZA",ODISHA,29,31,6.8,7.4,156,816,2021
4888,NEAR SUDPADA POST OFFICE,ODISHA,24,28,7.1,7.2,1787,2339,2021
4889,"NEAR TOWN GIRLS PRIMARY
SCHOOL AND IN FRONT OF HEAD
POST OFFICE",ODISHA,24,27,7.3,7.6,998,2136,2021
3968,"NEAR VSS MEDICAL COLLEGE,
BURLA, SAMBALPUR",ODISHA,24,30,7,7.5,513,710,2021
1651,"OLD TOWN- SAMANTARAAIPUR
AREA, BHUBANESWAR",ODISHA,28,29,5.8,6.5,405,409,2021
3985,"RAMPUR AREA (WATER TANK),
JHARSUGUDA",ODISHA,28,28,6.6,6.8,138,312,2021
1648,"RANIHAT- MANGALABAGH
AREA, CUTTACK",ODISHA,26,26,7,7,176,220,2021
4871,"ROIDA-II IRON ORE MINES OF
M/S K N RAM & CO., TANTO,
BHADRASAHI, BARBIL",ODISHA,22,23,5.5,5.7,96,98,2021
4866,"SALANDI HOSPITAL PREMISES
NEAR UNAUTHORISED GARBAGE
DISPOSAL SITE BY THE SIDE OF
NH",ODISHA,25,27,7.2,7.3,355,496,2021
3991,"SARUABIL, SUKINDA",ODISHA,22,22,6.9,7.3,214,275,2021
1654,"SECRETARIAT- GOVERNOR
HOUSE- OLDBUS STAND AREA,
BHUBANESWAR",ODISHA,28,29,5.6,6,322,376,2021
4900,"SITABUDIPARA (IRRIGATION
COLONY, WARD NO. 17),
BHAWANIPATNA",ODISHA,17,24,6.9,7.3,702,841,2021
3977,TALCHER THERMAL AREA,ODISHA,23,24,7.2,7.4,729,817,2021
3975,TALCHER TOWN,ODISHA,23,24,7.1,7.2,279,282,2021
4902,"TEKBADI OF NETAJI NAGAR,
MALKANIGIRI",ODISHA,20,23,6.7,6.9,691,1115,2021
4874,"TENSA RESIDENTIAL AREA,
KOIRA",ODISHA,24,25,6.6,7.1,160,485,2021
4872,"THAKURANI IRON ORE MINES OF
M/S KAYPEE ENTERPRISES NEAR
VT CENTRE, BARBIL",ODISHA,22,24,5.5,6.4,109,151,2021
3990,"TISCO, SUKINDA",ODISHA,21,22,7.2,7.2,288,302,2021
4897,TOTAGUDA,ODISHA,18,22,6.4,6.6,333,649,2021
4893,"WITNIN THE PREMISES OF
BURDELLA PULLAMA TEMPLE,
RAYAGADA",ODISHA,17,23,6.8,6.9,705,1876,2021
4632,MADUKARAI,PUDUCHERRY,30,30,7.1,7.6,1190,1759,2021
4633,PANITHITTU,PUDUCHERRY,32,33,6.6,6.9,461,711,2021
4631,THIRUKKANUR,PUDUCHERRY,30,30,7.1,7.7,1076,1784,2021
3884,"WELL AT CHEVALIER SELLANE
GOVERNMENT HIGH
SECONDARY SCHOOL, KALAPET",PUDUCHERRY,29,31,6.8,7.2,1055,1354,2021
3885,"WELL AT DHANDERAR KULAM,
SEDARAPET",PUDUCHERRY,30,31,7.6,7.6,1294,1564,2021
3882,"WELL AT ECHANKADU,
KIRUMAMBAKKAM",PUDUCHERRY,32,33,6.7,7,461,498,2021
1454,"WELL AT KALAPET, PONDI.
UNIVERSITY ADMN. BLOCK",PUDUCHERRY,30,31,6.1,6.1,354,770,2021
1688,WELL AT KATTERIKUPPAM,PUDUCHERRY,31,31,7.4,7.7,778,789,2021
3886,"WELL AT KOTHAPURINATHAM,
THIRUVANDARKOIL",PUDUCHERRY,30,31,7.5,7.7,1200,1301,2021
2009,WELL AT KURUMBAPET,PUDUCHERRY,30,32,6.4,6.8,649,706,2021
2012,"WELL AT MARUTHI SCHOOL,
KARUVADIKUPPAM",PUDUCHERRY,31,31,6.4,7.6,2060,2500,2021
2010,WELL AT METTUPALAYAM,PUDUCHERRY,31,33,6.3,6.5,673,837,2021
1397,"WELL AT MUTHIALPET AREA(I)
RAMAKRISHNA NAGAR/
KRISHNA NAGAR",PUDUCHERRY,30,31,6.1,6.1,836,1294,2021
1453,"WELL AT MUTHIRAPPALAYAM
(PWD)",PUDUCHERRY,31,31,6.6,7.1,692,750,2021
1687,"WELL AT NEHRU STATUE
MISSION ST. - CHETTY KOIL",PUDUCHERRY,29,30,7,7,1686,1970,2021
2446,WELL AT PALLUR,PUDUCHERRY,28,28,5.3,5.3,289,289,2021
2447,WELL AT PANTHAKKAL,PUDUCHERRY,29,29,5,5,83,83,2021
2013,"WELL AT T.R.PATTINAM,
KARAIKAL",PUDUCHERRY,27.4,28.4,8.1,8.4,1926,2030,2021
1398,"WELL AT THENGAITHITTU AREA,
(II)",PUDUCHERRY,31,31.5,6.3,6.4,1769,1867,2021
2011,WELL AT URUVAIYAR,PUDUCHERRY,32,32,7.5,8,1830,1863,2021
2014,"WELL AT VADAMATTAM,
KARAIKAL",PUDUCHERRY,27.8,28.4,8,8.1,1509,1511,2021
3883,WELL NEAR BY LAKE BAHOUR,PUDUCHERRY,32,32,7.3,7.4,336,363,2021
4144,"GROUND WATER SAMPLING
BLOCATION IN VILLAGE MAIN",PUNJAB,25,29,8.1,8.3,566,604,2021
2920,"HAMIRA VILLAGE, PUNJAB",PUNJAB,35,35,7.4,7.4,1041,1041,2021
2921,"HAMIRA VILLAGE, PUNJAB",PUNJAB,35,35,7.5,7.5,510,510,2021
4141,"HANDPUMP INSTRIAL GROWTH
CENTRE, DEFENCE ROAD,
PATHANKOT",PUNJAB,25,29,7.4,7.7,432,472,2021
4143,"HANDPUMP NEAR ASH DYKES
OF NABHA POWER LTD, VILL
NALASH, RAJPURA",PUNJAB,29,29,8,8,1392,1392,2021
4142,"HANDPUMP, VILL DHERIWAL,
DIST PATHANKOT",PUNJAB,24,24,7.3,7.4,450,498,2021
2922,"LEATHER COMPLEX,
JALANDHAR, PUNJAB",PUNJAB,38,38,7.7,7.7,915,915,2021
2923,"LEATHER COMPLEX,
JALANDHAR, PUNJAB",PUNJAB,38,38,7.6,7.6,2015,2015,2021
4145,"SAGAR PARA DRAIN MEETING
WITH GHAGGAR NEAR VILL
SAGAR PARA, PATRAN",PUNJAB,29,29,7.9,7.9,911,911,2021
1707,"BORE WELL IN MODI ALKALIS &
CHEMICALS, MIA, ALWAR,
RAJASTHAN",RAJASTHAN,28,32,7.3,7.7,2100,3090,2021
3002,"BORE WELL M/S R.C. PALACE
HOTEL, BHIWADI, RAJASTHAN",RAJASTHAN,29,32,7.2,8,870,1629,2021
4166,"BORE WELL NEAR MSW SITE/
KANOTA DAM, JAIPUR",RAJASTHAN,27,29,7.7,8.1,2200,3770,2021
4165,"BORE WELL NEAR STP AT
GAJADHARPURA, JAIPUR",RAJASTHAN,27,30,7.4,7.6,1170,1896,2021
3005,"BORE WELL OF M/S KUNDAN
EDIBLE FOOD PRODUCT,
KHUSKHERA, RAJASTHAN",RAJASTHAN,28,29,7.8,8.4,760,1275,2021
3004,"BORE WELL OF M/S MODERN
PUBLIC SCHOOL, BHIWADI,
RAJASTHAN",RAJASTHAN,30,30,7.8,8.2,1310,1809,2021
3003,"BORE WELL OFFICE OF RAJ.
HOUSING BOARD, BHIWADI,
RAJASTHAN",RAJASTHAN,30,30,7.6,7.9,1480,2100,2021
3001,"BORE WELL SH. BHRAM JEET
SERVICE STATION, BHIWADI,
RAJASTHAN",RAJASTHAN,29,29,7.6,8.2,2000,2530,2021
2999,"BORE WELL SH. PREM CHAND,
VILLAGE PHALSHA MODE RIA
CHOPNADI, RAJASTHAN",RAJASTHAN,27,28,7.2,7.9,1330,2090,2021
3000,"BORE WELL SH. UMESH KUMAR
S/O SH. HORIDWARI RAM 3A-16
UIT, BHIWADI, RAJASTHAN",RAJASTHAN,30,30,7.1,8.1,780,1468,2021
4182,"BOREWELL AT RO OF RSPCB,
BHIWADI, TIJARA, ALWAR",RAJASTHAN,30,30,7.8,7.8,4800,4800,2021
4183,"BOREWELL AT STAR HOSPITAL,
INFRONT OF STP, BHIWADI,
TIJARA, ALWAR",RAJASTHAN,28,28,7.1,8.2,2000,3070,2021
4184,"BOREWELL IN CETP PREMISES,
BHIWADI, TIJARA, ALWAR",RAJASTHAN,28,30,7.3,8.2,1900,2550,2021
4181,"BOREWELL IN THE HOUSE
AKRAM KHAN, AMLAKI,
KHARGANJ INDL AREA, TIJARA,
ALWAR",RAJASTHAN,25,27,7.1,7.9,3100,5170,2021
4797,"BOREWELL NEAR MAIN GATE,
CITY PALACE, NEAR SHEETLA
MATA TEMPLE, UDAIPUR",RAJASTHAN,25,27,7.2,7.7,870,1045,2021
4765,"BOREWELL OF AJANTA TEXTILES
NAKODA ROAD, JASOL,",RAJASTHAN,25,27,7.8,7.9,26000,27000,2021
4766,"BOREWELL OF AMRITLAL S/O
BACHARAJ & JOINT KRISHI
FORM KH. NO. 66/15, BITHUJA",RAJASTHAN,25,27,7.6,7.9,14900,17000,2021
4798,"BOREWELL OF BSNL OFFICE,
SECTOR-03, HIRAN MARG,
UDAIPUR",RAJASTHAN,24,27,7,7.8,1690,3410,2021
4180,"BOREWELL OF JYOTI UCHCH
MADHYMIC VIDHYALAYA,",RAJASTHAN,30,31,7.3,8.1,1320,2550,2021
,"NAYAGAON, RAMPUR
MUNDANA, BHIWADI",,,,,,,,2021
4763,"BOREWELL OF SHRI PEMARAM
MALI/DHUDARAM MALI,
BITHUJA, BALOTRA",RAJASTHAN,25,27,7.8,7.8,4300,7300,2021
4779,"BOREWELL OF VKIA
RECREATIONAL CLUB JAIPUR",RAJASTHAN,26,30,7.6,8,850,1272,2021
1720,"CHAUDHARY KA WELL VILLAGE
PANIALA, KOTAPUTALI NEAR
ASSOCIATED ALCOHOL
BREVERIES LTD JAIPUR,
RAJASTHAN",RAJASTHAN,26,30,7.1,8.2,2300,4040,2021
4799,"HAND PUMP AT DISTRICT
COLLECTOR OFFICE, BARAN",RAJASTHAN,30,32,7.6,8.2,990,1280,2021
4800,"TUBE WELL AT DISTRICT
COLLECTOR OFFICE, CHURU",RAJASTHAN,25,27,7.9,8.2,900,2900,2021
4801,"HAND PUMP AT DISTRICT
COLLECTOR OFFICE, DAUSA",RAJASTHAN,26,26,7.7,8.3,4800,6200,2021
4802,"HAND PUMP AT DISTRICT
COLLECTOR OFFICE, KARAULI",RAJASTHAN,27,27,7.9,8,1505,1900,2021
4170,"HAND PUMP AT VILLAGE
ATOON, BHILWARA",RAJASTHAN,17,19,7.9,7.9,1110,1440,2021
4169,"HAND PUMP AT VILLAGE
MANGROP, BHILWARA",RAJASTHAN,17.5,19.5,7.8,7.9,1090,1140,2021
3006,"HAND PUMP NEAR NEVTA
TIRAHA, NEVTA DAM,
SANGANER, JAIPUR, RAJASTHAN",RAJASTHAN,26,26,7.8,8,2200,2860,2021
4176,"HAND PUMP NEAR RIICO
INUSTRIAL AREA, AAJOLIYON KA
KHERA, GANGRAR,
CHITTORGARH",RAJASTHAN,23,24,6.9,7.8,2100,2970,2021
1715,"HAND PUMP NEAR SECONDARY
SCHOOL ABOUT 300MT. FROM
KANSUA NALLAH KOTA,
RAJASTHAN",RAJASTHAN,28,28,7.2,7.9,1190,1645,2021
1723,"HAND PUMP OF VIDHANI
VILLAGE GONER ROAD JAIPUR,
RAJASTHAN",RAJASTHAN,27,27,7.5,8,7500,9490,2021
4759,"HANDPUMP IN FRONT OF
URBAN IMPROVEMENT TRUST,
CIVIL LINES, AJMER",RAJASTHAN,27,27,7.8,7.9,2200,2900,2021
4791,"HANDPUMP NEAR M/S
CHAMBLE FERTILIZER &
CHEMICALS, GADEPAN",RAJASTHAN,26,28,8,8.2,500,785,2021
4792,"HANDPUMP NEAR M/S
RAJASTHAN TEXTILE MILLS,
BHAWANI MANDI",RAJASTHAN,28,29,7.6,8,738,3500,2021
4760,"HANDPUMP WITHIN PREMISES
OF NAGAR PARISHAD OFFICE,
OLD CITY ROAD, DESHWALI
MOHALLA, KRISHANGARH",RAJASTHAN,27,28,7.9,8.1,1520,1870,2021
2023,"HOTEL ORIENT PLACE, SUBHAS
NAGAR, UDAIPUR",RAJASTHAN,24,28,6.9,7.1,1211,1310,2021
2024,"IN SIDE SHIV TEMPLE NEAR AIR
FORCE STATION AMER ROAD,
JAIPUR",RAJASTHAN,26,30,7.4,7.9,2300,2350,2021
4783,"JHALANA FOREST PARK, NEAR
MALVIYA NAGAR IND. AREA,
MALVIYA NAGAR JAIPUR",RAJASTHAN,25,25,7,7.3,960,1416,2021
4764,"M/S ABHISHEK KOTHARI,
NAKODA ROAD MEWA NAGAR,
JASOL, PACHPADRA,",RAJASTHAN,25,27,7.5,7.7,2200,3500,2021
2969,"M/S SPECIALTY SILICA LTD., MIA
ALWAR AGRO FOOD PARK,
ALWAR, RAJASTHAN",RAJASTHAN,29,30,6.9,7.4,820,1203,2021
2031,"NEAR 9 NO. PETROL PUMP,
NEAR ADARSH NAGAR GATE,
AJMER",RAJASTHAN,27,27,8,8.2,1020,1060,2021
2027,"NEAR ABN CENTRAL ACADEMY,
SUSILPURA, SODALA, JAIPUR.",RAJASTHAN,25,29,7.6,8,970,1406,2021
2021,"NEAR ARVIND GENERAL STORE,
ALOO FACTORY, KACCHI BASTI,
SARDARPURA, UDAIPUR",RAJASTHAN,24,26,7,7.1,1550,1962,2021
2026,"NEAR FOJI NAGAR, KACCHI
BASTI, AMBABARI, JAIPUR.",RAJASTHAN,28,30,7.2,7.8,1070,1519,2021
2029,"NEAR GANDHI BHWAN, AJMER",RAJASTHAN,27,27,8,8.1,1630,1810,2021
2032,"NEAR KHANPURA TALAB, AJMER",RAJASTHAN,27,27,8.2,8.4,380,410,2021
2022,"NEAR RANA PRATAP NAGAR,
RAILWAY STATION, UDAIPUR",RAJASTHAN,25,27,7.1,7.3,1690,1860,2021
2028,"NEAR SAMSHAN VISHWAKARMA
NAGAR, MAHARANIFARM,
JAIPUR",RAJASTHAN,26,26,8.2,8.3,620,838,2021
2025,"NEAR SHREE KALYANESHWAR
MAHADEV TEMPLE, JAI SINGH
PURA KHURD, JAIPUR.",RAJASTHAN,26,30,7.7,8,1320,1670,2021
2019,"NEAR UIT BRIDGE, UDAIPUR",RAJASTHAN,24,27,7,7.2,1080,1370,2021
2020,"NEW FATEHPURA, 200 FT.FROM
PANCHWATI NALLAH, UDAIPUR",RAJASTHAN,25,26,7.1,7.1,1747,1800,2021
4782,"OFFICE OF ASSISTANT ENGINEER,
JAIPUR, VIDHUT VITRAN NIGAM
LTD, RIICO IND. AREA, BAGRU,
TEHSIL-SANGANER,",RAJASTHAN,26,26,7.5,8.1,4600,7270,2021
4796,"OPEN WELL OF SARAS DAIRY,
VILAS, NH-08, UDAIPUR",RAJASTHAN,23,28,6.8,7,810,1756,2021
4768,"OPENWELL OF SHRI ISHWAR
SINGH MALI S/O BHURJI MALI,
DHANNA KI DHANI BILASAR,",RAJASTHAN,25,27,7.8,8.2,11000,11000,2021
2015,"PABUPURA ROAD NEAR CIVIL
AIR PORT, JODHPUR (MANGILAL
RATHOR)",RAJASTHAN,26,26,7.2,7.8,2200,2900,2021
1721,"PHED WELL NEAR RAILWAY LINE
JHOTAWARA, JAIPUR,
RAJASTHAN",RAJASTHAN,26,30,7.7,8.3,490,764,2021
1725,"PUBLIC HAND PUMP BEFORE
SANGANER PULIA, RAJASTHAN",RAJASTHAN,27,27,7.3,7.6,2400,2570,2021
4793,"PUBLIC TUBEWELL, VILLAGE-NAMI, TEHSIL",RAJASTHAN,24,27,7.6,8.5,820,1400,2021
1706,"RIICO PUMP HOUSE NEAR
MONTO MOTORS, MIA, ALWAR,
RAJASTHAN",RAJASTHAN,28,29,7,7.7,1190,1318,2021
2970,"RIICO TUBE WELL, RIA, BEHROR,
RAJASTHAN",RAJASTHAN,30,30,8.3,8.3,1360,1360,2021
2971,"RIICO TUBE WELL, RIA,
NEEMRANA, RAJASTHAN",RAJASTHAN,28,32,7,7.4,2900,3910,2021
2973,"RIICO TUBE WELL, RIA,
SHAHJAHANPUR, RAJASTHAN",RAJASTHAN,28,28,6.9,7.1,3300,5060,2021
2972,"RIICO TUBE WELL, RIA,
SOTANALA, RAJASTHAN",RAJASTHAN,29,30,7.1,7.4,3410,3500,2021
4775,"RIICO TUBEWELL NO. 3 LOCATED
ON ROAD SIDE CLOSE TO INDAG
RUBBER AND OPPOSITE TO
HONDA SHOWROOM, NEELAM
CHOWK, BHIWADI, TEHSIL-TIJARA",RAJASTHAN,29,29,7.2,8,1490,2390,2021
4777,"RIICO TUBEWELL NO. 31,
LOCATED NEAR BKL LIFESTYLE,
PLOT NO. 1228, RIA, BHIWADI,
OPP. TO ACRO PAINTS-II, TIJARA",RAJASTHAN,29,30,7.1,7.9,1270,1896,2021
4778,"RIICO TUBEWELL NO. 34,
LOCATED ON ROAD SIDE OF 220
KVA POWER STATION, CLOSE TO
BKT(ESI HOSPITAL), RAMPUR
MUNDANA RIS BHIWADI,
TIJARA,",RAJASTHAN,29,31,7.3,8.2,1270,1645,2021
4774,"RIICO TUBWELL NO. 1, LOCATED
NEAR GANPATI TUBES &
FABRICATION (P) LTD SP-A-53(A), RIA, BHIWADI, OPPOSITE
TO WHEEL'O CITY AT T-POINT,
TEHSIL- TIJARA",RAJASTHAN,29,29,7.2,7.2,2690,2690,2021
2968,"SH. BHANA RAM KALAL, DHARU
NAGAR, NEAR MAIN MANDIA",RAJASTHAN,21.6,22,8,8.6,3400,5750,2021
,"ROAD, OPP. VILLAGE MANDIA,
PALI, RAJASTHAN",,,,,,,,2021
2967,"SH. POL SINGH PUROHIT,
VILLAGE PUNAYATA, PALI,
RAJASTHAN",RAJASTHAN,21.5,24,7.8,7.8,6410,9000,2021
4803,"SHAHID CAPT, CHANDRA
CHOUDHARY PARK, BIKANER",RAJASTHAN,24.2,25,7,7.5,5000,5350,2021
4806,"SHRI BABUAL SOPATRA, SHEKHO
KI DDHANI PALI",RAJASTHAN,21.9,24,7.9,8.5,3100,4810,2021
2965,"SHRI GIRDHARI SINGH
CHOUDHARY NEAR BANDI
BRIDGE, PALI BYE PASS ROAD,
PALI, RAJASTHAN",RAJASTHAN,21.2,24,7.8,8.4,5600,7600,2021
2966,"SHRI GIRDHARI SINGH
RAJPUROHIT NEAR VILLAGE
PUNAYATA, JODHPUR-SUMERPUR BYE PASS ROAD,
PALI, RAJASTHAN",RAJASTHAN,22,23,7.9,8.5,450,557,2021
4807,"SHRI MUKESH RAJPUROHIT,
INFORNT OF GS-197-A,
PUNAYATA INDUSTRY ROAD,
NEAR BY NATIONAL HIGHWAY
PALI-JODHPUR, CETP-IV, PALI",RAJASTHAN,22,24,7.5,8.3,8800,9550,2021
4809,"SHRI RANARAM, NEAR
BHANWAR SINGH MANDLI
FROM HOUSE NH-PALI-SUMERPUR",RAJASTHAN,21.2,23,7.5,8,1160,7700,2021
2976,"SUJAN GANGA, BHARATPUR,
RAJASTHAN",RAJASTHAN,27,30,7.8,8.5,4800,5500,2021
2986,"TUBE WELL OF GIRDHARI LAL,
BHITUJA, RAJASTHAN",RAJASTHAN,27,27,7.7,7.7,4900,4900,2021
4761,"TUBE WELL OF M/S BALOTRA
WATER POLLUTION CONTROL
AND RESEARCH FOUNDATION
TRUST (CETP) KHED ROAD,
BALOTRA",RAJASTHAN,25,27,7.7,8.2,19000,29000,2021
4794,"TUBEWELL OF HARIPRASAD
PANNALAL, BADA TALAB, VILL-NANI, TEHSIL",RAJASTHAN,24,26,8,8.1,850,1430,2021
2974,"VILLAGE AGYARA, TEHSIL-RAMGARH, ALWAR, RAJASTHAN",RAJASTHAN,29,30,7.1,7.7,2060,2400,2021
2975,"VILLAGE BAGER MEO, TEHSIL-RAMGARH, ALWAR, RAJASTHAN",RAJASTHAN,29,30,7.1,7.6,2120,2600,2021
2017,"VILLAGE VINAYAKIA, JODHPUR
(BADRI KUMHAR)",RAJASTHAN,26,26,7.2,8.1,2000,2750,2021
2018,"VILLAGE VINAYAKIA, JODHPUR
(HUKUM SINGH RATHORE)",RAJASTHAN,25,26,7.5,7.6,7200,10600,2021
2964,"WELL AT INDIA PUBLIC SCHOOL,
MANPUR MACHERI, JAIPUR,
RAJASTHAN",RAJASTHAN,26,30,7.8,7.8,1640,2650,2021
1710,"WELL AT VILLAGE ALUPUR, VERY
NEAR BHIWADI INDUSTRIAL
AREA, BHIWADI, RAJASTHAN",RAJASTHAN,28,31,7.4,8.1,1260,1863,2021
1713,"WELL AT VILLAGE GATTAL,
NEAR, BHIWADI TO BHIWADI
INDUSTRIAL AREA, BHIWADI,
RAJASTHAN",RAJASTHAN,29,30,7.1,7.9,870,1206,2021
2960,"WELL INFRONT OF SINGHANA
POLICE STATION, SINGHANA,
JHUNJHUNU, RAJASTHAN",RAJASTHAN,24,24,7.6,7.8,5100,5700,2021
1708,"WELL KOTHI IN VILLAGE BAGAR
RAJPUT, ALWAR, RAJASTHAN",RAJASTHAN,29,29,7.2,7.4,660,1874,2021
2991,"WELL OF BHAG JI LAXMAN RAM
MALI, SAKARNA BERA,
BALOTRA, JODHPUR,
RAJASTHAN",RAJASTHAN,25,27,7.5,7.8,7800,12200,2021
2982,"WELL OF BIRMA RAM PATEL,
SALAWAS, JODHPUR,
RAJASTHAN",RAJASTHAN,25,26,7.8,8.2,18000,22900,2021
2993,"WELL OF CHOUTHA RAM PUSA
PAM, LEFT SIDE OF BRIDGE LUNI,
BALOTRA, RAJASTHAN",RAJASTHAN,25,27,8.2,8.4,3600,3700,2021
2985,"WELL OF GIRDHARI RAM
MEGHWAL, VILLAGE-NANDWAN, JODHPUR,
RAJASTHAN",RAJASTHAN,25,26,7.2,7.7,12900,14730,2021
1724,"WELL OF GOOJARON KI TALAI,
MOHANA ROAD SANGANER
JAIPUR, RAJASTHAN",RAJASTHAN,28,28,8.2,8.4,450,588,2021
1415,"WELL OF LOOMJI, CHAUDHARY,
NEAR NAYAGAON, PALI, (U/S 1
KM. FROM PALI TOWN),
RAJASTHAN",RAJASTHAN,21.6,23,7.4,8.3,9000,16520,2021
2988,"WELL OF PEMA RAM MALI,
BHITUJA, RAJASTHAN",RAJASTHAN,25,27,7.8,7.8,6100,8100,2021
2977,"WELL OF RAM CHANDRA
DEWRA, VILLAGE- SANGARIA,
JODHPUR, RAJASTHAN",RAJASTHAN,26,26,7.6,8.1,19000,23100,2021
2963,"WELL OF RIICO AT LEATHER
COMPLEX, MANPUR MACHERI,
JAIPUR, RAJASTHAN",RAJASTHAN,26,30,7.8,7.9,2500,4460,2021
2961,"WELL OF SH MNAGAL CHAND
MEENA, MANPUR MACHERI,
JAIPUR, RAJASTHAN",RAJASTHAN,26,29,7.4,8.2,700,926,2021
2962,"WELL OF SH MOOL CHAND
RAIGER, MANPUR MACHERI,
JAIPUR, RAJASTHAN",RAJASTHAN,20,26,7.7,8.3,640,900,2021
4789,"WELL OF SHRI BHAGARAM
BHATIA, SALAWAS-JODHPUR
ROAD, SALAWAS, JODHPUR",RAJASTHAN,25,26,7.6,8.2,5200,8320,2021
4787,"WELL OF SHRI DALARAM, AHEER
KHERA, JODHPUR",RAJASTHAN,25,26,6.9,7.5,4800,6120,2021
4786,"WELL OF SHRI DEVARAM, HEER
KHERA, JODHPUR",RAJASTHAN,26,26,7.1,7.7,9500,12150,2021
4784,"WELL OF SHRI HAZARI SINGH
GEHLOT, NEAR PATWAR
BHAWAN, SALAWAS JODHPUR",RAJASTHAN,26,26,7.1,7.9,2900,6880,2021
4788,"WELL OF SHRI MAGARAM,
NANDWAN, JODHPUR",RAJASTHAN,26,26.5,6.9,7.5,10310,16000,2021
4785,"WELL OF SHRI TILARAM,
NANDWAN, JODHPUR",RAJASTHAN,26,26,6.8,8.6,4800,6910,2021
4818,"ALWARTHIRUNAGARI Ã‚Â–
VETERINARY DISPENSARY, WEST
CAR STREET NEAR OVER HEAD
TANK OF BORE WELL",TAMIL NADU,29,29,7.2,7.5,135,348,2021
4816,"AUTHOR Ã‚Â– MUKKANI
AGRAGARAM STREET INFRONT
OF THIRU N. SAMUTHRAPANDI
HOUSE BORE WELL",TAMIL NADU,26,26,8,8,749,1040,2021
4912,"BORE WELL AT VANNIARVALASU
VILLAGE, NEAR ELEMENTARY
SCHOOL, THOPPAMPATTI
PANCHAYAT UNION, PALANI
TALUK, DINDIGUL DIST",TAMIL NADU,36,36,6.7,6.7,1909,1909,2021
4811,"BOREWELL LOCATED AT M/S.
PHOENIX TEXTILE PROCESSORS,
VENDIPALAYAM, ERODE",TAMIL NADU,29,31,6.5,7.3,3890,4440,2021
4821,"BOREWELL NEAR
KAMBARASAMPETTAI INTAKE
WELL (TRICHY UPSTREAM)",TAMIL NADU,27,30,7.3,7.5,649,872,2021
4822,"BOREWELL NEAR THOGUR
INTAKE WELL (TRICHY
DOWNSTREAM)",TAMIL NADU,24,28,6.9,7.2,749,806,2021
4817,"ERAL Ã‚Â– CHARMAM
ARUNACHALA SWAMY TEMPLE
WEST OF BORE WELL",TAMIL NADU,28,28,8.4,8.4,320,320,2021
4814,"HOUSE OF THIRU MURUGAN,
S/O. ESAKKI, NO.16B,
MEENAKSHIPURAM, ANNA
NAGAR, TIRUNELVELI",TAMIL NADU,29,29,7.3,7.3,796,796,2021
4907,"KOMBUPALLAM,
SATHYAMANGALAM",TAMIL NADU,31,31,6.7,6.7,199,199,2021
4825,"M. KALIAPPAN,
SANGILIMUNIYAPPAN KOVIL,
ERIKKADU, METTUR",TAMIL NADU,27,30,6.9,7,1692,1929,2021
4815,"MUNICIPAL CORPORATION
BORE WELL LOCATED IN
PERUMALPURAM STREET,
NARANAMMALPURAM,
TIRUNELVELI",TAMIL NADU,30,30,7.5,7.5,766,766,2021
4824,"PARAMASIVAM WATER SERVICE
STATION, BLOCK NO.13 BSNL
EXCHANGE OPPOSITE, METTUR
DAM Ã‚Â– 636 402.",TAMIL NADU,27,29,6.3,6.9,1843,1886,2021
4826,"SAKTHI NAGAR, NEAR
MUNICIPALITY SEWAGE
TREATMENT PLANT,
KOMPURANKADU, METTUR",TAMIL NADU,26,30,7.1,7.2,417,1110,2021
4819,"SRIVAIKUNDAM Ã‚Â– BLOCK
DEVELOPMENT OFFICE Ã‚Â–
OPEN WELL",TAMIL NADU,29,29,7.2,7.4,1594,1774,2021
4820,"SRIVAIKUNDAM Ã‚Â– TNEB SUB
STATION 33 KVA OPPOSITE TO
TIRUNELVELI MAIN ROAD OPEN
WELL",TAMIL NADU,29,29,7.4,8.1,142,365,2021
4810,"SURIYAMPALAYAM BOREWELL
(HAND PUMP) OWNED BY
ERODE CORPORATION LOATED
OPPOSITE TO M/S. PIONEER
PROCESSING INDIA PVT. LTD.,
BHAVANI MAIN ROAD, R.N.
PUDUR POST, ERODE",TAMIL NADU,31,34,6.7,7.3,587,2540,2021
4909,"THALAVAIPETTAI, BHAVANI",TAMIL NADU,31,31,6.8,6.8,378,378,2021
32,"WELL AT MUSIRI, TAMIL NADU",TAMIL NADU,25,31,7,7.8,545,1358,2021
4280,"B,W AT IDS RAMPUR,
HANAMKONDA, WARANGAL",TELANGANA,28,28,7.4,7.4,7040,7040,2021
1525,"B/W - IDA , NEAR CHAITANYA
CHLORIDES , PASHAMAYLAM ,
MEDAK DIST.",TELANGANA,25,25,6.8,7.4,3420,3560,2021
1794,"B/W - MANAKONDUR (V) ,
KARIMNAGAR DIST.",TELANGANA,28,31,7.8,7.9,1125,1285,2021
1810,"B/W - SRI RAMNAGAR COLONY,
SHAKKAR NAGAR, BODHAN,
NIZAMABAD DIST.",TELANGANA,25,25,6.9,7.4,2198,2337,2021
3094,"B/W AT AKBARNAGAR,
RAMAGUNDAM, KARIMNAGAR",TELANGANA,29,29,8.2,8.3,1084,1131,2021
4278,"B/W AT AUROBINDO, HATNUR,
SANGAREDDY",TELANGANA,25,25,6.8,6.9,1040,1376,2021
4265,"B/W AT GRAM PANCHAYATH
OFFICE, DOTHIGUDAM",TELANGANA,22,22,6.9,7.5,1072,1957,2021
3088,"B/W AT J.NARASIMHA RAOÃ‚Â’S
HOUSE, 14NOS. AREA,
RAMAVARAM, NEAR MWS
DUMPSITE, KOTHAGUDEM,
KHAMMAM",TELANGANA,30,30.2,6.7,8,1355,1469,2021
4277,B/W AT ZPHS SULTHANPUR,TELANGANA,25,25,6.6,7.2,3268,3765,2021
4282,"B/W NEAR AARLA BAVI
(AGRICULTURAL FIELD),
POCHAMPALLY MANDAL",TELANGANA,22,22,6.7,7.5,1408,1694,2021
4286,"B/W NEAR ANKIREDDIGUDAM
VILLAGE (AGRUCULTURAL FIELD)
CHOUTUPPAL MANDAL",TELANGANA,21,21,6.9,7.5,1849,2189,2021
4281,"B/W NEAR BHIMANPALLI
VILLAGE (OPEN LAND )
POCHAMPALLY MANDAL",TELANGANA,21,21,6.7,7.4,2364,2736,2021
1792,"B/W -NEAR CKM COLLEGE ,
ENUMAMULA (V) , WARANGAL
DIST.",TELANGANA,30,30,8.7,8.7,1106,1106,2021
4283,"B/W NEAR DANTUR (OPEN
LAND), POCHAMPALLY MANDAL",TELANGANA,21,21,7.1,7.5,3193,3720,2021
4287,"B/W NEAR LINGAREDDYGUDAM
VILLAGE (BESIDE CHOUTUPPAL-VALIGONDA ROAD)
CHOUTUPPAL MANDAL",TELANGANA,22,22,6.9,7.2,1592,1813,2021
4279,"B/W NEAR M/S ARCH PHARMA,
GUNDLA MACHANUR,
SANGAREDDY",TELANGANA,25,25,6.5,6.6,965,1236,2021
4284,"B/W NEAR MALKAPUR LAKE,
MALKAPUR VILLAGE
(AGRICULTURAL FIELD)
CHOUTUPPA; MANDAL",TELANGANA,21,21,6.9,7.4,1446,1918,2021
4288,"B/W NEAR NAGARAM
CHERUVU, DEVALAMMA
NAGARAM VILLAGE",TELANGANA,21,21,7.2,7.4,839,1298,2021
4285,"B/W NEAR PEDDAKONDUR
VILLAGE (AGRICULTURAL FIELD),
CHOUTUPPAL MANDAL",TELANGANA,22,22,6.7,7.4,1758,1894,2021
4289,"B/W NEAR PITTAM PALLE
VILLAGE (OPEN LAND BESIDE
VILLAGE ROAD) CHITYAL
MANDAL",TELANGANA,22,22,6.4,6.8,1345,1553,2021
4290,"B/W NEAR PITTAM
PEDDAKAPARTHI VIKKAGE
(OPEN LAND BESIDE VILLAGE
ROAD) CHITYAL MANDAL",TELANGANA,21,21,6.8,6.8,1020,1376,2021
1791,"B/W. - EAST OF SAICHERUVU ,
PAIDIPALLY (V), WARANGAL
DIST.",TELANGANA,29,29,7.8,7.8,2708,2708,2021
1515,"B/W. - NAGARAM(V),
PALVONCHA, KHAMMAM DIST.",TELANGANA,29,30.4,8.3,8.4,1564,1879,2021
1795,"B/W. - PANCHAYAT OFFICE , ,
BOLLARAM (V) MEDAK DIST.",TELANGANA,25,25,6.8,7.3,2310,2410,2021
1811,"B/W. - PRIMARY SCHOOL -RUDRAVELLI (V) , BIBINAGAR
(M), NALGONDA DIST.",TELANGANA,19,20,7,7.4,1392,1603,2021
4260,"BORE WELL NEAR MSW DUMP
YARD, MEDAK TOWN MEDAK
DISTRICT",TELANGANA,29,33,6.6,7,905,1195,2021
4264,"BORE WELL WATER POINT AT ZP
GIRLS HIGH SCHOOL BHUDAM
POCHAMPALLY (V & M)
YADADRI DISTRICT",TELANGANA,24,24,6.8,7.5,1768,1971,2021
4271,"BOREWELL LOCATED AT
GOVERNMENT PRIMARY",TELANGANA,29,29,7.8,8,1561,1599,2021
,"SCHOOL, SY. NO 32 DHULAPALLY
(V) QUTHBULLAPUR (M)
MEDCHAL DISTRICT.",,,,,,,,2021
4270,"BOREWELL LOCATED AT HOUSE
OF P. ANJANEYULU, PLOT NO,25,
SHAKTHIPURAM, PRASHANTH
NAGAR, I. E. KUKATPALLY,
MEDCHAL DISTRICT",TELANGANA,31,31,7.4,7.9,2094,2147,2021
4269,"BOREWELL LOCATED AT HOUSE
OF SRI P NEKATESH RAJU, PLOT
NO 115,22 321, APIIC, CO-[PERATIVE CONONY,
JEEDIMETLA, QUTHBULLAPUR
(M) MEDCHAL DISTRICT",TELANGANA,32,32,7,7.5,2628,2791,2021
4268,"BOREWELL LOCATED AT HOUSE
OF SRI VITAL RAO, H.NO. 2-42
875, ABESTOS COLONY, GANDHI
NAGAR, BALANAGAR, MEDCHAL
DISTRICT",TELANGANA,30,30,8.2,8.4,956,1131,2021
4272,"BOREWELL LOCATED AT RAHIV
GRUHA KA;PA, AHMEDGUDA,
AMBEDKAR NAGAR, KAPRA
MEDCHAL DISTRICT.",TELANGANA,30,30,8.3,8.7,821,849,2021
4273,"BOREWELL LOCATED AT
THANDA DUNDIGAL (V)
DHUNDIGAL (M) MEDCHAL
DISTRICT",TELANGANA,32,32,7.4,7.8,1549,2930,2021
4276,"BOREWELL NEAR GRAM
PANCHAYAT OFFICE,
KHAZIPALLY VILLAGE,
SANGAREDDY DISTRIST",TELANGANA,28,34,6.9,7,1835,2137,2021
4262,"BOREWELL NEAR
GRAMPANCHYAT OFFICE,
KISTAIPALLY VILLAGE JINNARM
MANDAL, SANGAREDDY
DISTRICT",TELANGANA,26,33,6.7,6.8,1976,2202,2021
4263,"BOREWELL NEAR MPP SCHOOL
GADDAPOTHARAM VILLAGE,
JINNARAM MANDAL,
SANGAREDDY DISTRICT",TELANGANA,26,33,6.5,6.6,3165,4270,2021
4266,"BOREWELL NEAR PRIMARY
SCHOOL, ADLOOR YELLAREDDY
(N) SADASHIVANAGAR (M)
KAMAREDDY DIST",TELANGANA,25,25,6.8,7.2,840,953,2021
4274,"BOREWELL POINTS AT THE
PERIPHERY OF THE IDA,
JEEDIMETLA",TELANGANA,29,29,7.5,7.8,986,1962,2021
4275,"BOREWELL POINTS AT THE
PERIPHERY OF THE ISA
BALANAGAR",TELANGANA,28,28,7.5,8.2,2005,2364,2021
1793,"O/W - BHOOMAIAH NEAR
ASHPONDS OF NTPC ,
KUNDANPALLY (V) ,
RAMAGUNDAM , KARIMNAGAR",TELANGANA,30,30,7.8,8.3,1652,1955,2021
15,WELL AT KUYYURA,TELANGANA,27,27,8.2,8.3,401,624,2021
27,WELL AT PEDDAVOORA,TELANGANA,22,25,6.6,7.5,1065,1350,2021
16,WELL AT TADAVAI A.P.,TELANGANA,28,28,7.9,8,784,1064,2021
1732,"A.D.NAGAR, AGARTALA,
TRIPURA",TRIPURA,22,26.5,5.9,6,108,121,2021
1734,"GANDHIGRAM, AGARTALA,
TRIPURA",TRIPURA,21.5,26.5,5.7,5.8,109,113,2021
1730,"KUNJBAN, AGARTALA, TRIPURA",TRIPURA,22,26.5,6.3,6.6,108,115,2021
1731,"LANKAMURA, TRIPURA",TRIPURA,25,26.5,6,6.1,109,935,2021
1733,"SHIBNAGAR, AGARTALA,
TRIPURA",TRIPURA,22,26.5,5.8,5.9,113,119,2021
4205,"TUBE WELL AT AMAR SAGAR,
UDAIPUR",TRIPURA,23,26,5.5,5.7,106,108,2021
4204,TUBE WELL AT AMARPUR,TRIPURA,22.5,25.5,5.4,5.5,106,118,2021
4210,TUBE WELL AT AMBASSA,TRIPURA,22,25,5.4,5.6,92,99,2021
4188,"TUBE WELL AT ARUNDHATI
NAGAR",TRIPURA,23,26,6,6.2,95,108,2021
3426,"TUBE WELL AT B.C.MANU,
SOUTH TRIPURA",TRIPURA,23,25.5,5.4,5.6,88,93,2021
4187,TUBE WELL AT BADHARGHAT,TRIPURA,23.5,26.5,5.9,6,119,128,2021
3428,"TUBE WELL AT BAGAFA, SOUTH
TRIPURA",TRIPURA,23,25.5,5.3,5.3,89,96,2021
4209,TUBE WELL AT BELONIA,TRIPURA,23,26.5,5.5,5.7,109,116,2021
4200,TUBE WELL AT BISHALGARH,TRIPURA,23,26,5.6,5.8,93,95,2021
4636,TUBE WELL AT BISHALGARH,TRIPURA,23,26,6.2,6.3,89,99,2021
4202,TUBE WELL AT BISHRAMGANJ,TRIPURA,23,26,5.5,5.5,110,122,2021
3425,"TUBE WELL AT BODHJUNG
NAGAR, WEST TRIPURA",TRIPURA,23,26.5,5.5,6,93,109,2021
4651,"TUBE WELL AT CHAKMAGHAT,
TELIAMURA",TRIPURA,23,25.5,6.4,6.9,89,102,2021
4638,TUBE WELL AT CHAMPAKNAGAR,TRIPURA,23,25.5,6.4,6.5,89,96,2021
4212,TUBE WELL AT CHAWMANU,TRIPURA,25,25,5.3,5.3,96,96,2021
3432,"TUBE WELL AT CHURAIBARI
(INTERSTATE BOUNDRY), NORTH
TRIPURA",TRIPURA,22,25.5,5.5,5.9,94,110,2021
4216,TUBE WELL AT DAMCHERRA,TRIPURA,22,25,5.4,5.6,92,98,2021
4190,"TUBE WELL AT DEBENDRA
CHANDRA NAGAR",TRIPURA,23,25.5,5.5,5.7,95,100,2021
4206,"TUBE WELL AT DHANI SAGAR,
UDAIPUR",TRIPURA,23.5,26,5.3,5.4,109,112,2021
4215,TUBE WELL AT DHARMANAGAR,TRIPURA,23,25.5,5.6,5.7,119,126,2021
4186,TUBE WELL AT DOKLI,TRIPURA,23.5,26,5.6,5.8,121,129,2021
3435,"TUBE WELL AT GOUR NAGAR,
NORTH TRIPURA",TRIPURA,21.5,25,5.9,6.1,96,106,2021
3423,"TUBE WELL AT HAPANIA, WEST
TRIPURA",TRIPURA,23,26.5,6.1,6.2,74,94,2021
3430,"TUBE WELL AT JAWAHANAGAR,
DHALAI",TRIPURA,23,25,5.9,6,82,99,2021
4185,TUBE WELL AT JIRANIA,TRIPURA,23,26,5.5,5.8,118,119,2021
4208,TUBE WELL AT JOLAIBARI,TRIPURA,23,26,5.3,5.7,99,118,2021
3436,"TUBE WELL AT KAILASHAHAR,
NORTH TRIPURA",TRIPURA,22,25.5,5.7,5.9,98,101,2021
4648,"TUBE WELL AT KALADEPHA
MANU",TRIPURA,23,26,7.1,7.2,96,106,2021
4211,TUBE WELL AT KAMALPUR,TRIPURA,23,25,6,6.2,108,119,2021
3433,"TUBE WELL AT KAMESWAR,
INDUSTRIAL ESTATE AREA,
NORTH TRIPURA",TRIPURA,22.5,25.5,5.8,7,106,119,2021
4217,TUBE WELL AT KANCHANPUR,TRIPURA,22,25,5.6,5.9,105,117,2021
4203,TUBE WELL AT KARBOOK,TRIPURA,22.5,25.5,5.5,5.5,108,112,2021
4214,TUBE WELL AT KHOWAI,TRIPURA,23.5,25.5,5.4,5.5,94,112,2021
3431,"TUBE WELL AT KULAI, DHALAI",TRIPURA,23,25,5.3,5.8,79,93,2021
3434,"TUBE WELL AT KUMARGHAT,
INDUSTRIAL ESTATE AREA,
NORTH TRIPURA",TRIPURA,22.5,25.5,6,6.4,95,124,2021
4647,TUBE WELL AT MANUBAZAR,TRIPURA,23,26,6.5,6.9,96,102,2021
4641,TUBE WELL AT MELAGHAR,TRIPURA,23,26,5.2,5.3,94,106,2021
3424,"TUBE WELL AT NAGICHERRA,
WEST TRIPURA",TRIPURA,23,26,5.9,6.1,84,89,2021
4189,TUBE WELL AT NANADANNAGAR,TRIPURA,23,26,5.7,5.8,91,95,2021
4218,TUBE WELL AT PANISAGAR,TRIPURA,22,25,5.7,5.7,91,95,2021
4653,TUBE WELL AT PECHARTHAL,TRIPURA,23,25.5,5.9,6.2,108,112,2021
4637,TUBE WELL AT RAJNAGAR,TRIPURA,23,26,6.3,6.5,91,94,2021
4639,TUBE WELL AT RANIRBAZAR,TRIPURA,23,26,6.7,6.7,93,101,2021
4207,TUBE WELL AT SABROOM,TRIPURA,23,26.5,5.5,5.6,106,108,2021
3427,"TUBE WELL AT SHANTIR BAZAR,
SOUTH TRIPURA",TRIPURA,23,26,6.1,6.4,72,84,2021
4201,TUBE WELL AT SONAMURA,TRIPURA,23,26,5.6,5.8,107,117,2021
4191,"TUBE WELL AT SURYAMONI
NAGAR",TRIPURA,23,26,5.8,5.9,93,100,2021
4213,TUBE WELL AT TELIAMURA,TRIPURA,23,25.5,5.6,5.6,88,95,2021
4652,"TUBE WELL AT TELIAMURA
MARKET",TRIPURA,23,26,6,6.2,108,115,2021
1406,"WELL AROUND UDAIPUR
(TUBEWELL), TRIPURA",TRIPURA,23,27,5.5,5.8,106,122,2021
1405,"WELL AT UDAIPUR (TUBEWELL),
TRIPURA",TRIPURA,23,27,5.7,6,97,112,2021
2470,"AT INDUSTRIAL AREA, FATEHPUR",UTTAR PRADESH,25.3,25.6,7.1,7.2,1920,1983,2021
2469,"AT INDUSTRIAL AREA. NAINI,
ALLAHABAD",UTTAR PRADESH,25.3,25.4,7.2,7.3,1193,1222,2021
2468,"BHADOHI INDUSTRIAL AREA,
DEVELOPMENT AUTHORITY,
SANT RAVIDAS NAGAR",UTTAR PRADESH,23.5,26.5,7.7,7.8,492,540,2021
2467,"CHANDPUR INDUSTRIAL AREA,
LAHARTARA, VARANASI",UTTAR PRADESH,24,25,7.8,7.8,486,612,2021
1756,"GOPIGANJ INDUSTRIAL AREA
BHADOHI, VARANASI, U.P",UTTAR PRADESH,23.5,27,7.7,7.8,450,528,2021
1758,"GROUND AROUND STP
DINAPUR, VARANASI, U.P",UTTAR PRADESH,24,25.5,7.6,7.7,468,508,2021
1754,"HAPUR ROAD INDUSTRIAL AREA
GHAZIABAD, U.P",UTTAR PRADESH,21,22,7.1,7.5,710,710,2021
1759,"IFFCO, PHOOLPUR, ALLAHABAD,
U.P",UTTAR PRADESH,25.2,25.4,7.1,7.2,1092,1188,2021
1747,"INDIA MARKA HAND PUMP IN
SAROWNI BLOCK AT
RAIBAREILLY, U.P",UTTAR PRADESH,17,18,7.9,8.4,891,977,2021
2475,"INDUSTRIAL AREA, SULTANPUR
ROAD",UTTAR PRADESH,18,18,7.9,8.1,811,1028,2021
1753,"MEERUT ROAD INDUSTRIAL
AREA GHAZIABAD, U.P",UTTAR PRADESH,21,23,7.3,7.4,548,1150,2021
1746,"NAGAR PALIKA TUBE WELL,
SULTANPUR, U.P",UTTAR PRADESH,16,19,8,8,751,801,2021
2477,"NEAR ARYA KANYA INTER
COLLEGE. JALAUN",UTTAR PRADESH,23,23,7.5,7.5,948,948,2021
2479,"NEAR M/S KUMAR INTER
NATIONAL LAKDI FAZALPUR,
DELHI ROAD, MORADABAD",UTTAR PRADESH,23,25,7.4,7.5,420,470,2021
2481,"NEAR PEER BEGRAJ INDSTRIAL
AREA, MUZAFFARNAGAR",UTTAR PRADESH,21.5,21.5,7.4,7.6,460,465,2021
1755,"PILKHUA INDUSTRIAL AREA
GHAZIABAD, U.P",UTTAR PRADESH,21,22,7.2,7.2,1315,1445,2021
1752,"SAHIBABAD INDUSTRIAL AREA,
GHAZIABAD, U.P",UTTAR PRADESH,21,24,7,7.2,2052,2120,2021
2474,"UNCHAHAAR (NEAR THERMAL
POWER PLANT)",UTTAR PRADESH,18,20,7.8,7.9,801,921,2021
3452,"GROUND WATER AT BHAGWAN
INDUSTRIAL AREA- 1",UTTARAKHAND,18,18,7.9,7.9,420,420,2021
3453,"GROUND WATER AT BHAGWAN
INDUSTRIAL AREA- 2,
SIKANDERPUR, LAKHESWARI,
ROORKEE, HARIDWAR",UTTARAKHAND,19,21,7.4,8.4,217,1064,2021
3448,"GROUND WATER AT KASHIPUR
BAJPUR ROAD- 1",UTTARAKHAND,30,30,7.2,7.2,320,320,2021
3449,"GROUND WATER AT KASHIPUR
BAJPUR ROAD- 2",UTTARAKHAND,25,30,7.2,7.7,294,370,2021
3446,"GROUND WATER AT KASHIPUR
MORADABAD ROAD- 1",UTTARAKHAND,23,28,7.3,7.5,320,400,2021
3447,"GROUND WATER AT KASHIPUR
MORADABAD ROAD- 2",UTTARAKHAND,21,28,7.2,7.4,354,370,2021
3442,"GROUND WATER AT
PANTNAGAR INDUSTRIAL AREA-1",UTTARAKHAND,24,32,7,7.7,278,320,2021
3443,"GROUND WATER AT
PANTNAGAR INDUSTRIAL AREA-2",UTTARAKHAND,24,32,7.4,7.6,280,293,2021
3454,"GROUND WATER AT ROORKEE
INDUSTRIAL AREA- 1, CHC
BHAGWANPUR,HARIDWAR",UTTARAKHAND,19,22,7.9,8.3,297,849,2021
3455,"GROUND WATER AT ROORKEE
INDUSTRIAL AREA- 2, SUNEHRA",UTTARAKHAND,20,20,7.5,7.5,286,286,2021
3444,"GROUND WATER AT SANTIPURI
KICHHA- 1",UTTARAKHAND,23,32,7.1,7.5,326,330,2021
3445,"GROUND WATER AT SANTIPURI
KICHHA- 2",UTTARAKHAND,23,32,7,7.3,276,360,2021
3456,"GROUND WATER AT SELAQUI
INDUSTRIAL AREA- 1,
DEHRADUN",UTTARAKHAND,19,19,6.1,6.7,149,250,2021
3457,"GROUND WATER AT SELAQUI
INDUSTRIAL AREA- 2,
DEHRADUN",UTTARAKHAND,19,20,6,7.3,196,283,2021
3450,"GROUND WATER AT SIDCUL
INDUSTRIAL AREA- 1,
ROSHANABAD COLLECTORATE,
HARIDWAR",UTTARAKHAND,19,21,6.9,7.6,219,937,2021
3451,"GROUND WATER AT SIDCUL
INDUSTRIAL AREA- 2,
SALEEMPUR
CHOWK,ROORKEE,HARIDWAR",UTTARAKHAND,20,20,7.5,7.6,374,695,2021
3440,"GROUND WATER AT SITAR GANJ
INDUSTRIAL AREA- 1",UTTARAKHAND,23,28,7.2,7.5,400,547,2021
3441,"GROUND WATER AT SITAR GANJ
INDUSTRIAL AREA- 2",UTTARAKHAND,23,28,7.1,7.2,410,529,2021
1748,"HANDPUMP IN VILLAGE
DAMAUDA AT KASHIPUR NEAR
M/S INDIA GLYCOLES LTD.",UTTARAKHAND,24,30,7.8,8,228,320,2021
2547,"AMTOLA ON DIAMOND
HARBOUR ROAD, 24 PARGANAS
(S)",WEST BENGAL,28,30,7.4,7.5,1050,7356,2021
1939,BARRAKPORE MUNICIPALITY,WEST BENGAL,30,31,7.7,8,381,470,2021
1772,"BARSAT MUNICIPALITY NORTH
24-P, WEST BENGAL",WEST BENGAL,27,32,7.1,8,408,856,2021
1777,"BEHALA CALCUTTA, WEST
BENGAL",WEST BENGAL,29,30,7.1,7.6,916,1769,2021
2537,"BOLPUR NEAR RAILWAY
STATION",WEST BENGAL,29,30,6.9,7.9,244,614,2021
1938,BSIRHAT MUNICIPALITY,WEST BENGAL,27,32,8.1,8.4,1580,1881,2021
1934,"CENTRAL HOWRAH-RESIDENTAIL
AREA",WEST BENGAL,29,30,7,7.5,1958,3009,2021
1932,CENTRAL KOLKATA,WEST BENGAL,30,30,7.4,7.8,482,627,2021
1931,COSSIPORE - NORTH KOLKATA,WEST BENGAL,29,30,7.1,7.5,2298,2859,2021
1779,"DANKUNI (NEAR COAL
COMPLEX), WEST BENGAL",WEST BENGAL,26,29,7.5,7.5,1137,9678,2021
1775,"DHAPA CALCUTTA, WEST
BENGAL",WEST BENGAL,28,31,7.1,7.1,1462,1650,2021
1778,"DOMJUR HOWRAH, WEST
BENGAL",WEST BENGAL,29,30,7.2,7.8,634,878,2021
1768,"DURGAPUR TOWN, BURDWAN,
WEST BENGAL",WEST BENGAL,30,32,7,7.7,576,760,2021
1767,"DURGAPUR TOWN, NEAR IISCO,
BURDWAN, WEST BENGAL",WEST BENGAL,26,28,7.9,7.9,743,753,2021
2542,DWARIKA AT BISHNUPUR TOWN,WEST BENGAL,27,30,6.7,7.7,652,739,2021
1945,ENGLISH BAZAR- MALDAH,WEST BENGAL,25,32,7.3,7.4,1135,1398,2021
2526,FULBARI BARRAGE,WEST BENGAL,25,25,7.2,7.2,175,175,2021
1776,"GARIA CALCUTTA, WEST BENGAL",WEST BENGAL,29,29,7.5,7.7,718,912,2021
4730,"GROUND WATER (DUGWELL) AT
HARISHPAL MORE",WEST BENGAL,29,29,7.8,7.8,612,612,2021
4714,"GROUND WATER AT ANGADPUR
ANGADPUR DURGAPUR",WEST BENGAL,30,32,7,8.1,589,738,2021
4708,"GROUND WATER AT
BERHAMPORE",WEST BENGAL,27,28,7.3,7.4,929,938,2021
4709,GROUND WATER AT CHINSURA,WEST BENGAL,28,30,8,8,428,3482,2021
4716,"GROUND WATER AT
HURALALPUR, PURULIA",WEST BENGAL,27,29,7.4,8.1,622,683,2021
4706,GROUND WATER AT KHARDAH,WEST BENGAL,29,29,7.9,7.9,1248,1248,2021
4721,"GROUND WATER AT MATIGARA
BAZAAR",WEST BENGAL,23,28,7.4,7.6,61,78,2021
4715,"GROUND WATER AT
MUCHIPARA DURGAPUR",WEST BENGAL,29,31,6.3,7.5,205,229,2021
4707,GROUND WATER AT NAIHATI,WEST BENGAL,28,28,7.7,8.1,248,419,2021
4737,"GROUND WATER AT SHYAMPUR
BUDGE BUDGE",WEST BENGAL,27,29,7.4,7.5,691,4213,2021
4726,"GROUND WATER MIRIK
DUGWELL",WEST BENGAL,12,18,7.4,7.4,123,141,2021
2545,"GROUND WATER POINT AT
PURULIA RK MISSION",WEST BENGAL,27,28,7.4,7.5,434,1196,2021
2528,"GROUND WATER POINT INSIDE
BURDWAN UNIVERSITY",WEST BENGAL,29,29,6.9,8.3,320,727,2021
2529,"GROUND WATER POINT NEAR
BURDWAN STATION",WEST BENGAL,28,29,6.6,7.8,910,1299,2021
4732,"GROUNDWATER AT ANANDA
MOHAN COMMERCE COLLEGE",WEST BENGAL,26,26,7.7,7.7,194,194,2021
4733,"GROUNDWATER AT SUKNA
FOREST RANGE",WEST BENGAL,20,28,7.1,7.4,125,224,2021
4731,"GROUNDWATER AT
UTTARBANGA KRISHI
VISHWAVIDYALAYA",WEST BENGAL,26,27,7.6,7.6,210,259,2021
2548,"HIDCO OFFICE, RAJARHAT",WEST BENGAL,26,30,7.4,7.5,253,1264,2021
2530,HOT SPRING AT BAKRESHWAR,WEST BENGAL,61,67,9.1,9.1,487,523,2021
1935,"INSIDE KOLKATA LEATHER
COMPLEX",WEST BENGAL,30,31,7,7.2,1299,1325,2021
1771,"KALYANI INDUSTRIAL AREA,
NADIA, WEST BENGAL",WEST BENGAL,27,28,7.4,7.9,979,1400,2021
1766,"MINE PIT WATER ASSANSOL,
WEST BENGAL",WEST BENGAL,28,29,8.3,8.4,550,594,2021
2538,MOREGRAM CROSSING,WEST BENGAL,29,29,7.3,8,217,546,2021
2536,"NALHATI RAILWAY STATION OF
BIRBHUM",WEST BENGAL,28,30,7.7,8.2,684,729,2021
1941,"NEAR FLY ASH DUMPING SITE-KUNTIGHAT, BANDEL",WEST BENGAL,27,28,7.5,7.8,442,4080,2021
1933,"NEAR GALVANISATION UNIT,
HOWRAH",WEST BENGAL,28,29,7.1,7.5,1127,1593,2021
1940,"NEAR THE PHOSPHATE
COMPANY-RISHRA",WEST BENGAL,29,29,7.6,7.9,871,6464,2021
1937,RAJARHAT - NEW TOWNSHIP,WEST BENGAL,30,30,7.6,7.9,364,1769,2021
1936,RESIDENTIAL AREA - SONARPUR,WEST BENGAL,28,32,7.1,7.5,790,1447,2021
1813,"RISHRA, WEST BENGAL",WEST BENGAL,28,30,7.8,7.8,470,2800,2021
2540,SATI GHAT AT BANKURA TOWN,WEST BENGAL,27,28,7.7,8,951,969,2021
2543,"SDO OFFICE AT BISHNUPUR
TOWN",WEST BENGAL,26,29,6.9,7.2,168,270,2021
2516,"SDO OFFICE, KRISHNANAGAR",WEST BENGAL,26,26,7.4,8.1,736,772,2021
2515,"SDO OFFICE, RANAGHAT",WEST BENGAL,26,27,7.2,7.5,593,816,2021
2533,SURI TOWN NEAR BUS STAND,WEST BENGAL,27,30,7.2,7.9,358,651,2021
1773,"TANGRA, CALCUTTA , WEST
BENGAL",WEST BENGAL,28,31,7.3,7.4,1435,1730,2021
1774,"TOPSIA CALCUTTA, WEST
BENGAL",WEST BENGAL,29,31,7.3,7.3,1705,1921,2021
2546,ULUBERIA COLLEGE AT HOWRAH,WEST BENGAL,26,30,7.2,7.6,909,1090,2021
2535,VISVA BHARATI,WEST BENGAL,30,31,7.9,8.2,370,437,2021
